Type,SKU,Name,Published,In stock?,Stock,Backorders allowed?,Parent
variable,relx-pod-pro2-pods,RELX悅刻 POD PRO 2 菸彈,1,1,999,0,
variation,relx-pod-pro2-pods-001,RELX悅刻 POD PRO 2 菸彈 - 可樂冰,1,1,999,0,relx-pod-pro2-pods
variation,relx-pod-pro2-pods-002,RELX悅刻 POD PRO 2 菸彈 - 冰爽紅茶,1,1,999,0,relx-pod-pro2-pods
variation,relx-pod-pro2-pods-003,RELX悅刻 POD PRO 2 菸彈 - 老冰棍,1,1,999,0,relx-pod-pro2-pods
variation,relx-pod-pro2-pods-004,RELX悅刻 POD PRO 2 菸彈 - 沙士汽水,1,1,999,0,relx-pod-pro2-pods
variation,relx-pod-pro2-pods-005,RELX悅刻 POD PRO 2 菸彈 - 芒果,1,1,999,0,relx-pod-pro2-pods
variation,relx-pod-pro2-pods-006,RELX悅刻 POD PRO 2 菸彈 - 金桔百香果,1,1,999,0,relx-pod-pro2-pods
variation,relx-pod-pro2-pods-007,RELX悅刻 POD PRO 2 菸彈 - 勁涼龍井,1,1,999,0,relx-pod-pro2-pods
variation,relx-pod-pro2-pods-008,RELX悅刻 POD PRO 2 菸彈 - 勁涼檸檬紅茶,1,1,999,0,relx-pod-pro2-pods
variation,relx-pod-pro2-pods-009,RELX悅刻 POD PRO 2 菸彈 - 勁涼觀音,1,1,999,0,relx-pod-pro2-pods
variation,relx-pod-pro2-pods-010,RELX悅刻 POD PRO 2 菸彈 - 勁爽薄荷,1,1,999,0,relx-pod-pro2-pods
variation,relx-pod-pro2-pods-011,RELX悅刻 POD PRO 2 菸彈 - 南極茉莉,1,1,999,0,relx-pod-pro2-pods
variation,relx-pod-pro2-pods-012,RELX悅刻 POD PRO 2 菸彈 - 洛神花茶,1,1,999,0,relx-pod-pro2-pods
variation,relx-pod-pro2-pods-013,RELX悅刻 POD PRO 2 菸彈 - 香芋冰淇淋,1,1,999,0,relx-pod-pro2-pods
variation,relx-pod-pro2-pods-014,RELX悅刻 POD PRO 2 菸彈 - 海鹽檸檬,1,1,999,0,relx-pod-pro2-pods
variation,relx-pod-pro2-pods-015,RELX悅刻 POD PRO 2 菸彈 - 草莓,1,1,999,0,relx-pod-pro2-pods
variation,relx-pod-pro2-pods-016,RELX悅刻 POD PRO 2 菸彈 - 荔枝,1,1,999,0,relx-pod-pro2-pods
variation,relx-pod-pro2-pods-017,RELX悅刻 POD PRO 2 菸彈 - 混合莓果,1,1,999,0,relx-pod-pro2-pods
variation,relx-pod-pro2-pods-018,RELX悅刻 POD PRO 2 菸彈 - 清涼西瓜,1,1,999,0,relx-pod-pro2-pods
variation,relx-pod-pro2-pods-019,RELX悅刻 POD PRO 2 菸彈 - 清新薄荷,1,1,999,0,relx-pod-pro2-pods
variation,relx-pod-pro2-pods-020,RELX悅刻 POD PRO 2 菸彈 - 雪碧,1,1,999,0,relx-pod-pro2-pods
variation,relx-pod-pro2-pods-021,RELX悅刻 POD PRO 2 菸彈 - 菠蘿,1,1,999,0,relx-pod-pro2-pods
variation,relx-pod-pro2-pods-022,RELX悅刻 POD PRO 2 菸彈 - 黃金奇異果,1,1,999,0,relx-pod-pro2-pods
variation,relx-pod-pro2-pods-023,RELX悅刻 POD PRO 2 菸彈 - 極涼青提,1,1,999,0,relx-pod-pro2-pods
variation,relx-pod-pro2-pods-024,RELX悅刻 POD PRO 2 菸彈 - 極涼青檸,1,1,999,0,relx-pod-pro2-pods
variation,relx-pod-pro2-pods-025,RELX悅刻 POD PRO 2 菸彈 - 經典菸草,1,1,999,0,relx-pod-pro2-pods
variation,relx-pod-pro2-pods-026,RELX悅刻 POD PRO 2 菸彈 - 葡萄,1,1,999,0,relx-pod-pro2-pods
variation,relx-pod-pro2-pods-027,RELX悅刻 POD PRO 2 菸彈 - 零度薄荷,1,1,999,0,relx-pod-pro2-pods
variation,relx-pod-pro2-pods-028,RELX悅刻 POD PRO 2 菸彈 - 綠豆,1,1,999,0,relx-pod-pro2-pods
variation,relx-pod-pro2-pods-029,RELX悅刻 POD PRO 2 菸彈 - 綠茶,1,1,999,0,relx-pod-pro2-pods
variation,relx-pod-pro2-pods-030,RELX悅刻 POD PRO 2 菸彈 - 蜜桃,1,1,999,0,relx-pod-pro2-pods
variation,relx-pod-pro2-pods-031,RELX悅刻 POD PRO 2 菸彈 - 蜜桃烏龍茶,1,1,999,0,relx-pod-pro2-pods
variation,relx-pod-pro2-pods-032,RELX悅刻 POD PRO 2 菸彈 - 熱情番石榴,1,1,999,0,relx-pod-pro2-pods
variation,relx-pod-pro2-pods-033,RELX悅刻 POD PRO 2 菸彈 - 樹頂蘋果,1,1,999,0,relx-pod-pro2-pods
variation,relx-pod-pro2-pods-034,RELX悅刻 POD PRO 2 菸彈 - 橘子汽水,1,1,999,0,relx-pod-pro2-pods
variation,relx-pod-pro2-pods-035,RELX悅刻 POD PRO 2 菸彈 - 藍莓,1,1,999,0,relx-pod-pro2-pods
variation,relx-pod-pro2-pods-036,RELX悅刻 POD PRO 2 菸彈 - 覆盆子冰,1,1,999,0,relx-pod-pro2-pods
variable,relx-infinity-pro2-host,RELX悅刻六代 Infinity Pro 2 主機通用4-5-6代,1,1,999,0,
variation,relx-infinity-pro2-host-001,RELX悅刻六代 Infinity Pro 2 主機通用4-5-6代 - 竹葉青PLUS,1,1,999,0,relx-infinity-pro2-host
variation,relx-infinity-pro2-host-002,RELX悅刻六代 Infinity Pro 2 主機通用4-5-6代 - 玫瑰金PLUS,1,1,999,0,relx-infinity-pro2-host
variation,relx-infinity-pro2-host-003,RELX悅刻六代 Infinity Pro 2 主機通用4-5-6代 - 星際灰PLUS,1,1,999,0,relx-infinity-pro2-host
variation,relx-infinity-pro2-host-004,RELX悅刻六代 Infinity Pro 2 主機通用4-5-6代 - 流光白PLUS,1,1,999,0,relx-infinity-pro2-host
variation,relx-infinity-pro2-host-005,RELX悅刻六代 Infinity Pro 2 主機通用4-5-6代 - 海軍綠,1,1,999,0,relx-infinity-pro2-host
variation,relx-infinity-pro2-host-006,RELX悅刻六代 Infinity Pro 2 主機通用4-5-6代 - 瑪瑙黑,1,1,999,0,relx-infinity-pro2-host
variation,relx-infinity-pro2-host-007,RELX悅刻六代 Infinity Pro 2 主機通用4-5-6代 - 瑪瑙黑PLUS,1,1,999,0,relx-infinity-pro2-host
variation,relx-infinity-pro2-host-008,RELX悅刻六代 Infinity Pro 2 主機通用4-5-6代 - 橄欖金PLUS,1,1,999,0,relx-infinity-pro2-host
variation,relx-infinity-pro2-host-009,RELX悅刻六代 Infinity Pro 2 主機通用4-5-6代 - 霞光紫,1,1,999,0,relx-infinity-pro2-host
variable,relx-phantom-gen5-host,RELX悅刻幻影五代主機 (4代5代6代通用),1,1,999,0,
variation,relx-phantom-gen5-host-001,RELX悅刻幻影五代主機 (4代5代6代通用) - 粉色-RELX-ES2六代主機,1,1,999,0,relx-phantom-gen5-host
variation,relx-phantom-gen5-host-002,RELX悅刻幻影五代主機 (4代5代6代通用) - 紫色-RELX-ES2六代主機,1,1,999,0,relx-phantom-gen5-host
variation,relx-phantom-gen5-host-003,RELX悅刻幻影五代主機 (4代5代6代通用) - 黑色-RELX-ES2六代主機,1,1,999,0,relx-phantom-gen5-host
variation,relx-phantom-gen5-host-004,RELX悅刻幻影五代主機 (4代5代6代通用) - 銀灰-RELX-ES2六代主機,1,1,999,0,relx-phantom-gen5-host
variation,relx-phantom-gen5-host-005,RELX悅刻幻影五代主機 (4代5代6代通用) - RELX幻影六代主機赤焰橘,1,1,999,0,relx-phantom-gen5-host
variation,relx-phantom-gen5-host-006,RELX悅刻幻影五代主機 (4代5代6代通用) - RELX幻影六代主機星河映月,1,1,999,0,relx-phantom-gen5-host
variable,relx-ga8000,RELX GA8000口,1,1,999,0,
variation,relx-ga8000-001,RELX GA8000口 - 冬瓜檸檬茶,1,1,999,0,relx-ga8000
variation,relx-ga8000-002,RELX GA8000口 - 可樂,1,1,999,0,relx-ga8000
variation,relx-ga8000-003,RELX GA8000口 - 巨峰葡萄,1,1,999,0,relx-ga8000
variation,relx-ga8000-004,RELX GA8000口 - 白桃烏龍,1,1,999,0,relx-ga8000
variation,relx-ga8000-005,RELX GA8000口 - 冰川薄荷,1,1,999,0,relx-ga8000
variation,relx-ga8000-006,RELX GA8000口 - 百香果,1,1,999,0,relx-ga8000
variation,relx-ga8000-007,RELX GA8000口 - 西瓜,1,1,999,0,relx-ga8000
variation,relx-ga8000-008,RELX GA8000口 - 西柚百香果,1,1,999,0,relx-ga8000
variation,relx-ga8000-009,RELX GA8000口 - 冷泡龍井,1,1,999,0,relx-ga8000
variation,relx-ga8000-010,RELX GA8000口 - 芒果,1,1,999,0,relx-ga8000
variation,relx-ga8000-011,RELX GA8000口 - 青芒,1,1,999,0,relx-ga8000
variation,relx-ga8000-012,RELX GA8000口 - 南極茉莉,1,1,999,0,relx-ga8000
variation,relx-ga8000-013,RELX GA8000口 - 海鹽檸檬,1,1,999,0,relx-ga8000
variation,relx-ga8000-014,RELX GA8000口 - 荔枝,1,1,999,0,relx-ga8000
variation,relx-ga8000-015,RELX GA8000口 - 混合莓果,1,1,999,0,relx-ga8000
variation,relx-ga8000-016,RELX GA8000口 - 番石柳,1,1,999,0,relx-ga8000
variation,relx-ga8000-017,RELX GA8000口 - 極涼青提,1,1,999,0,relx-ga8000
variation,relx-ga8000-018,RELX GA8000口 - 經典菸草,1,1,999,0,relx-ga8000
variation,relx-ga8000-019,RELX GA8000口 - 葡萄,1,1,999,0,relx-ga8000
variation,relx-ga8000-020,RELX GA8000口 - 綠豆冰,1,1,999,0,relx-ga8000
variation,relx-ga8000-021,RELX GA8000口 - 酸梅番石榴,1,1,999,0,relx-ga8000
variation,relx-ga8000-022,RELX GA8000口 - 鳳梨,1,1,999,0,relx-ga8000
variation,relx-ga8000-023,RELX GA8000口 - 薄荷,1,1,999,0,relx-ga8000
variation,relx-ga8000-024,RELX GA8000口 - 檸檬紅茶,1,1,999,0,relx-ga8000
variation,relx-ga8000-025,RELX GA8000口 - 藍莓,1,1,999,0,relx-ga8000
variation,relx-ga8000-026,RELX GA8000口 - 藍莓菸草,1,1,999,0,relx-ga8000
variation,relx-ga8000-027,RELX GA8000口 - 礦泉水,1,1,999,0,relx-ga8000
variation,relx-ga8000-028,RELX GA8000口 - 鐵觀音,1,1,999,0,relx-ga8000
variable,ilia-gen4-6500,ILIA 4代6500口-一次性拋棄式,1,1,999,0,
variation,ilia-gen4-6500-001,ILIA 4代6500口-一次性拋棄式 - 冬瓜檸檬,1,1,999,0,ilia-gen4-6500
variation,ilia-gen4-6500-002,ILIA 4代6500口-一次性拋棄式 - 可樂,1,1,999,0,ilia-gen4-6500
variation,ilia-gen4-6500-003,ILIA 4代6500口-一次性拋棄式 - 冰爆葡萄柚,1,1,999,0,ilia-gen4-6500
variation,ilia-gen4-6500-004,ILIA 4代6500口-一次性拋棄式 - 百香果,1,1,999,0,ilia-gen4-6500
variation,ilia-gen4-6500-005,ILIA 4代6500口-一次性拋棄式 - 老冰棍,1,1,999,0,ilia-gen4-6500
variation,ilia-gen4-6500-006,ILIA 4代6500口-一次性拋棄式 - 西瓜,1,1,999,0,ilia-gen4-6500
variation,ilia-gen4-6500-007,ILIA 4代6500口-一次性拋棄式 - 沙士,1,1,999,0,ilia-gen4-6500
variation,ilia-gen4-6500-008,ILIA 4代6500口-一次性拋棄式 - 芒果,1,1,999,0,ilia-gen4-6500
variation,ilia-gen4-6500-009,ILIA 4代6500口-一次性拋棄式 - 芭樂,1,1,999,0,ilia-gen4-6500
variation,ilia-gen4-6500-010,ILIA 4代6500口-一次性拋棄式 - 青葡萄,1,1,999,0,ilia-gen4-6500
variation,ilia-gen4-6500-011,ILIA 4代6500口-一次性拋棄式 - 哈密瓜,1,1,999,0,ilia-gen4-6500
variation,ilia-gen4-6500-012,ILIA 4代6500口-一次性拋棄式 - 烏龍綠茶,1,1,999,0,ilia-gen4-6500
variation,ilia-gen4-6500-013,ILIA 4代6500口-一次性拋棄式 - 荔枝,1,1,999,0,ilia-gen4-6500
variation,ilia-gen4-6500-014,ILIA 4代6500口-一次性拋棄式 - 雪碧,1,1,999,0,ilia-gen4-6500
variation,ilia-gen4-6500-015,ILIA 4代6500口-一次性拋棄式 - 葡萄,1,1,999,0,ilia-gen4-6500
variation,ilia-gen4-6500-016,ILIA 4代6500口-一次性拋棄式 - 蜜桃,1,1,999,0,ilia-gen4-6500
variation,ilia-gen4-6500-017,ILIA 4代6500口-一次性拋棄式 - 養樂多,1,1,999,0,ilia-gen4-6500
variation,ilia-gen4-6500-018,ILIA 4代6500口-一次性拋棄式 - 龍井,1,1,999,0,ilia-gen4-6500
variation,ilia-gen4-6500-019,ILIA 4代6500口-一次性拋棄式 - 薄荷,1,1,999,0,ilia-gen4-6500
variation,ilia-gen4-6500-020,ILIA 4代6500口-一次性拋棄式 - 檸檬海鹽,1,1,999,0,ilia-gen4-6500
variation,ilia-gen4-6500-021,ILIA 4代6500口-一次性拋棄式 - 藍莓,1,1,999,0,ilia-gen4-6500
variation,ilia-gen4-6500-022,ILIA 4代6500口-一次性拋棄式 - 蘇打,1,1,999,0,ilia-gen4-6500
variation,ilia-gen4-6500-023,ILIA 4代6500口-一次性拋棄式 - 蘋果,1,1,999,0,ilia-gen4-6500
variation,ilia-gen4-6500-024,ILIA 4代6500口-一次性拋棄式 - 鐵觀音,1,1,999,0,ilia-gen4-6500
variable,meel-boost-10000,meeL BOOST10000口-一次性拋棄式,1,1,999,0,
variation,meel-boost-10000-001,meeL BOOST10000口-一次性拋棄式 - 冰棍,1,1,999,0,meel-boost-10000
variation,meel-boost-10000-002,meeL BOOST10000口-一次性拋棄式 - 百香果,1,1,999,0,meel-boost-10000
variation,meel-boost-10000-003,meeL BOOST10000口-一次性拋棄式 - 西瓜,1,1,999,0,meel-boost-10000
variation,meel-boost-10000-004,meeL BOOST10000口-一次性拋棄式 - 芒果,1,1,999,0,meel-boost-10000
variation,meel-boost-10000-005,meeL BOOST10000口-一次性拋棄式 - 芭樂,1,1,999,0,meel-boost-10000
variation,meel-boost-10000-006,meeL BOOST10000口-一次性拋棄式 - 南極冰,1,1,999,0,meel-boost-10000
variation,meel-boost-10000-007,meeL BOOST10000口-一次性拋棄式 - 荔枝,1,1,999,0,meel-boost-10000
variation,meel-boost-10000-008,meeL BOOST10000口-一次性拋棄式 - 莓果,1,1,999,0,meel-boost-10000
variation,meel-boost-10000-009,meeL BOOST10000口-一次性拋棄式 - 雪碧,1,1,999,0,meel-boost-10000
variation,meel-boost-10000-010,meeL BOOST10000口-一次性拋棄式 - 葡萄,1,1,999,0,meel-boost-10000
variation,meel-boost-10000-011,meeL BOOST10000口-一次性拋棄式 - 蜜瓜,1,1,999,0,meel-boost-10000
variation,meel-boost-10000-012,meeL BOOST10000口-一次性拋棄式 - 蜜桃,1,1,999,0,meel-boost-10000
variation,meel-boost-10000-013,meeL BOOST10000口-一次性拋棄式 - 薄荷,1,1,999,0,meel-boost-10000
variation,meel-boost-10000-014,meeL BOOST10000口-一次性拋棄式 - 檸檬,1,1,999,0,meel-boost-10000
variation,meel-boost-10000-015,meeL BOOST10000口-一次性拋棄式 - 藍莓,1,1,999,0,meel-boost-10000
variation,meel-boost-10000-016,meeL BOOST10000口-一次性拋棄式 - 鐵觀音,1,1,999,0,meel-boost-10000
variable,meel-max-6000,meeL MAX-6000口-一次性拋棄式,1,1,999,0,
variation,meel-max-6000-001,meeL MAX-6000口-一次性拋棄式 - 七星爆珠(菸草,1,1,999,0,meel-max-6000
variation,meel-max-6000-002,meeL MAX-6000口-一次性拋棄式 - 冰冰涼涼(冰棍,1,1,999,0,meel-max-6000
variation,meel-max-6000-003,meeL MAX-6000口-一次性拋棄式 - 百香果,1,1,999,0,meel-max-6000
variation,meel-max-6000-004,meeL MAX-6000口-一次性拋棄式 - 西瓜,1,1,999,0,meel-max-6000
variation,meel-max-6000-005,meeL MAX-6000口-一次性拋棄式 - 芒果,1,1,999,0,meel-max-6000
variation,meel-max-6000-006,meeL MAX-6000口-一次性拋棄式 - 芭樂,1,1,999,0,meel-max-6000
variation,meel-max-6000-007,meeL MAX-6000口-一次性拋棄式 - 神仙水,1,1,999,0,meel-max-6000
variation,meel-max-6000-008,meeL MAX-6000口-一次性拋棄式 - 荔枝,1,1,999,0,meel-max-6000
variation,meel-max-6000-009,meeL MAX-6000口-一次性拋棄式 - 密語瓜香,1,1,999,0,meel-max-6000
variation,meel-max-6000-010,meeL MAX-6000口-一次性拋棄式 - 莓果沙拉,1,1,999,0,meel-max-6000
variation,meel-max-6000-011,meeL MAX-6000口-一次性拋棄式 - 雪碧,1,1,999,0,meel-max-6000
variation,meel-max-6000-012,meeL MAX-6000口-一次性拋棄式 - 葡萄,1,1,999,0,meel-max-6000
variation,meel-max-6000-013,meeL MAX-6000口-一次性拋棄式 - 蜜桃,1,1,999,0,meel-max-6000
variation,meel-max-6000-014,meeL MAX-6000口-一次性拋棄式 - 廚師佳釀(啤酒,1,1,999,0,meel-max-6000
variation,meel-max-6000-015,meeL MAX-6000口-一次性拋棄式 - 薄荷,1,1,999,0,meel-max-6000
variation,meel-max-6000-016,meeL MAX-6000口-一次性拋棄式 - 檸檬海鹽,1,1,999,0,meel-max-6000
variation,meel-max-6000-017,meeL MAX-6000口-一次性拋棄式 - 藍莓,1,1,999,0,meel-max-6000
variation,meel-max-6000-018,meeL MAX-6000口-一次性拋棄式 - 鐵觀音,1,1,999,0,meel-max-6000
variable,meel-marbo-9000,MEEL-馬博-9000口,1,1,999,0,
variation,meel-marbo-9000-001,MEEL-馬博-9000口 - 水蜜桃,1,1,999,0,meel-marbo-9000
variation,meel-marbo-9000-002,MEEL-馬博-9000口 - 百香果,1,1,999,0,meel-marbo-9000
variation,meel-marbo-9000-003,MEEL-馬博-9000口 - 西瓜,1,1,999,0,meel-marbo-9000
variation,meel-marbo-9000-004,MEEL-馬博-9000口 - 芒果,1,1,999,0,meel-marbo-9000
variation,meel-marbo-9000-005,MEEL-馬博-9000口 - 芭樂,1,1,999,0,meel-marbo-9000
variation,meel-marbo-9000-006,MEEL-馬博-9000口 - 荔枝,1,1,999,0,meel-marbo-9000
variation,meel-marbo-9000-007,MEEL-馬博-9000口 - 葡萄,1,1,999,0,meel-marbo-9000
variation,meel-marbo-9000-008,MEEL-馬博-9000口 - 藍莓,1,1,999,0,meel-marbo-9000
variation,meel-marbo-9000-009,MEEL-馬博-9000口 - 鐵觀音,1,1,999,0,meel-marbo-9000
variable,max-g-gen1,MAX-G 一代通用系列 買5送1主機,1,1,999,0,
variation,max-g-gen1-001,MAX-G 一代通用系列 買5送1主機 - 可樂,1,1,999,0,max-g-gen1
variation,max-g-gen1-002,MAX-G 一代通用系列 買5送1主機 - 百香果,1,1,999,0,max-g-gen1
variation,max-g-gen1-003,MAX-G 一代通用系列 買5送1主機 - 老冰棍,1,1,999,0,max-g-gen1
variation,max-g-gen1-004,MAX-G 一代通用系列 買5送1主機 - 西瓜,1,1,999,0,max-g-gen1
variation,max-g-gen1-005,MAX-G 一代通用系列 買5送1主機 - 芒果,1,1,999,0,max-g-gen1
variation,max-g-gen1-006,MAX-G 一代通用系列 買5送1主機 - 荔枝,1,1,999,0,max-g-gen1
variation,max-g-gen1-007,MAX-G 一代通用系列 買5送1主機 - 黑莓,1,1,999,0,max-g-gen1
variation,max-g-gen1-008,MAX-G 一代通用系列 買5送1主機 - 葡萄,1,1,999,0,max-g-gen1
variation,max-g-gen1-009,MAX-G 一代通用系列 買5送1主機 - 蜜桃烏龍,1,1,999,0,max-g-gen1
variation,max-g-gen1-010,MAX-G 一代通用系列 買5送1主機 - 薄荷,1,1,999,0,max-g-gen1
variation,max-g-gen1-011,MAX-G 一代通用系列 買5送1主機 - 檸檬雪碧,1,1,999,0,max-g-gen1
variation,max-g-gen1-012,MAX-G 一代通用系列 買5送1主機 - 蘋果,1,1,999,0,max-g-gen1
variable,ilia-gen1,ILIA 一代系列,1,1,999,0,
variation,ilia-gen1-001,ILIA 一代系列 - 一代可爾必思,1,1,999,0,ilia-gen1
variation,ilia-gen1-002,ILIA 一代系列 - 一代可樂,1,1,999,0,ilia-gen1
variation,ilia-gen1-003,ILIA 一代系列 - 一代冰心蜜桃,1,1,999,0,ilia-gen1
variation,ilia-gen1-004,ILIA 一代系列 - 一代冰泉,1,1,999,0,ilia-gen1
variation,ilia-gen1-005,ILIA 一代系列 - 一代冰葡萄柚,1,1,999,0,ilia-gen1
variation,ilia-gen1-006,ILIA 一代系列 - 一代百香果,1,1,999,0,ilia-gen1
variation,ilia-gen1-007,ILIA 一代系列 - 一代老冰棍,1,1,999,0,ilia-gen1
variation,ilia-gen1-008,ILIA 一代系列 - 一代西瓜,1,1,999,0,ilia-gen1
variation,ilia-gen1-009,ILIA 一代系列 - 一代沙士,1,1,999,0,ilia-gen1
variation,ilia-gen1-010,ILIA 一代系列 - 一代芒果,1,1,999,0,ilia-gen1
variation,ilia-gen1-011,ILIA 一代系列 - 一代奇異果,1,1,999,0,ilia-gen1
variation,ilia-gen1-012,ILIA 一代系列 - 一代芭樂,1,1,999,0,ilia-gen1
variation,ilia-gen1-013,ILIA 一代系列 - 一代青蘋果,1,1,999,0,ilia-gen1
variation,ilia-gen1-014,ILIA 一代系列 - 一代南極冰,1,1,999,0,ilia-gen1
variation,ilia-gen1-015,ILIA 一代系列 - 一代哈密瓜,1,1,999,0,ilia-gen1
variation,ilia-gen1-016,ILIA 一代系列 - 一代草莓,1,1,999,0,ilia-gen1
variation,ilia-gen1-017,ILIA 一代系列 - 一代荔枝,1,1,999,0,ilia-gen1
variation,ilia-gen1-018,ILIA 一代系列 - 一代梨山雪梨,1,1,999,0,ilia-gen1
variation,ilia-gen1-019,ILIA 一代系列 - 一代莓果,1,1,999,0,ilia-gen1
variation,ilia-gen1-020,ILIA 一代系列 - 一代雪碧,1,1,999,0,ilia-gen1
variation,ilia-gen1-021,ILIA 一代系列 - 一代菸草,1,1,999,0,ilia-gen1
variation,ilia-gen1-022,ILIA 一代系列 - 一代葡萄,1,1,999,0,ilia-gen1
variation,ilia-gen1-023,ILIA 一代系列 - 一代綠豆,1,1,999,0,ilia-gen1
variation,ilia-gen1-024,ILIA 一代系列 - 一代蜜桃烏龍,1,1,999,0,ilia-gen1
variation,ilia-gen1-025,ILIA 一代系列 - 一代鳳梨,1,1,999,0,ilia-gen1
variation,ilia-gen1-026,ILIA 一代系列 - 一代龍井,1,1,999,0,ilia-gen1
variation,ilia-gen1-027,ILIA 一代系列 - 一代薄荷,1,1,999,0,ilia-gen1
variation,ilia-gen1-028,ILIA 一代系列 - 一代檸檬海鹽,1,1,999,0,ilia-gen1
variation,ilia-gen1-029,ILIA 一代系列 - 一代藍莓,1,1,999,0,ilia-gen1
variation,ilia-gen1-030,ILIA 一代系列 - 一代寶礦力,1,1,999,0,ilia-gen1
variation,ilia-gen1-031,ILIA 一代系列 - 一代鐵觀音,1,1,999,0,ilia-gen1
variable,tutx-gen1,TUTX一代系列,1,1,999,0,
variation,tutx-gen1-001,TUTX一代系列 - 水梨,1,1,999,0,tutx-gen1
variation,tutx-gen1-002,TUTX一代系列 - 可樂,1,1,999,0,tutx-gen1
variation,tutx-gen1-003,TUTX一代系列 - 奶茶,1,1,999,0,tutx-gen1
variation,tutx-gen1-004,TUTX一代系列 - 百香果,1,1,999,0,tutx-gen1
variation,tutx-gen1-005,TUTX一代系列 - 老冰棍,1,1,999,0,tutx-gen1
variation,tutx-gen1-006,TUTX一代系列 - 西瓜,1,1,999,0,tutx-gen1
variation,tutx-gen1-007,TUTX一代系列 - 沙士,1,1,999,0,tutx-gen1
variation,tutx-gen1-008,TUTX一代系列 - 芒果,1,1,999,0,tutx-gen1
variation,tutx-gen1-009,TUTX一代系列 - 芭樂,1,1,999,0,tutx-gen1
variation,tutx-gen1-010,TUTX一代系列 - 青蘋果,1,1,999,0,tutx-gen1
variation,tutx-gen1-011,TUTX一代系列 - 南極冰,1,1,999,0,tutx-gen1
variation,tutx-gen1-012,TUTX一代系列 - 哈密瓜,1,1,999,0,tutx-gen1
variation,tutx-gen1-013,TUTX一代系列 - 荔枝,1,1,999,0,tutx-gen1
variation,tutx-gen1-014,TUTX一代系列 - 莓果,1,1,999,0,tutx-gen1
variation,tutx-gen1-015,TUTX一代系列 - 雪碧,1,1,999,0,tutx-gen1
variation,tutx-gen1-016,TUTX一代系列 - 菸草,1,1,999,0,tutx-gen1
variation,tutx-gen1-017,TUTX一代系列 - 葡萄,1,1,999,0,tutx-gen1
variation,tutx-gen1-018,TUTX一代系列 - 蜜桃,1,1,999,0,tutx-gen1
variation,tutx-gen1-019,TUTX一代系列 - 鳳梨,1,1,999,0,tutx-gen1
variation,tutx-gen1-020,TUTX一代系列 - 蔓越莓,1,1,999,0,tutx-gen1
variation,tutx-gen1-021,TUTX一代系列 - 龍井,1,1,999,0,tutx-gen1
variation,tutx-gen1-022,TUTX一代系列 - 薄荷,1,1,999,0,tutx-gen1
variation,tutx-gen1-023,TUTX一代系列 - 檸檬海鹽,1,1,999,0,tutx-gen1
variation,tutx-gen1-024,TUTX一代系列 - 藍莓,1,1,999,0,tutx-gen1
variation,tutx-gen1-025,TUTX一代系列 - 礦力,1,1,999,0,tutx-gen1
variation,tutx-gen1-026,TUTX一代系列 - 鐵觀音,1,1,999,0,tutx-gen1
variable,luckin-gen1,Luckin一代通用系列,1,1,999,0,
variation,luckin-gen1-001,Luckin一代通用系列 - 可樂,1,1,999,0,luckin-gen1
variation,luckin-gen1-002,Luckin一代通用系列 - 百香果,1,1,999,0,luckin-gen1
variation,luckin-gen1-003,Luckin一代通用系列 - 老冰棍,1,1,999,0,luckin-gen1
variation,luckin-gen1-004,Luckin一代通用系列 - 西瓜,1,1,999,0,luckin-gen1
variation,luckin-gen1-005,Luckin一代通用系列 - 沙士,1,1,999,0,luckin-gen1
variation,luckin-gen1-006,Luckin一代通用系列 - 芒果,1,1,999,0,luckin-gen1
variation,luckin-gen1-007,Luckin一代通用系列 - 芭樂,1,1,999,0,luckin-gen1
variation,luckin-gen1-008,Luckin一代通用系列 - 青蘋果,1,1,999,0,luckin-gen1
variation,luckin-gen1-009,Luckin一代通用系列 - 南極冰,1,1,999,0,luckin-gen1
variation,luckin-gen1-010,Luckin一代通用系列 - 哈密瓜,1,1,999,0,luckin-gen1
variation,luckin-gen1-011,Luckin一代通用系列 - 荔枝,1,1,999,0,luckin-gen1
variation,luckin-gen1-012,Luckin一代通用系列 - 野莓果,1,1,999,0,luckin-gen1
variation,luckin-gen1-013,Luckin一代通用系列 - 葡萄,1,1,999,0,luckin-gen1
variation,luckin-gen1-014,Luckin一代通用系列 - 綠豆,1,1,999,0,luckin-gen1
variation,luckin-gen1-015,Luckin一代通用系列 - 蜜桃,1,1,999,0,luckin-gen1
variation,luckin-gen1-016,Luckin一代通用系列 - 薄荷,1,1,999,0,luckin-gen1
variation,luckin-gen1-017,Luckin一代通用系列 - 檸檬冰,1,1,999,0,luckin-gen1
variation,luckin-gen1-018,Luckin一代通用系列 - 藍莓,1,1,999,0,luckin-gen1
variation,luckin-gen1-019,Luckin一代通用系列 - 寶礦力,1,1,999,0,luckin-gen1
variation,luckin-gen1-020,Luckin一代通用系列 - 鐵觀音,1,1,999,0,luckin-gen1
variable,sars-gen1,殺小SARS 一代通用系列 買3送一隻主機,1,1,999,0,
variation,sars-gen1-001,殺小SARS 一代通用系列 買3送一隻主機 - 彩虹糖,1,1,999,0,sars-gen1
variation,sars-gen1-002,殺小SARS 一代通用系列 買3送一隻主機 - 菠蘿,1,1,999,0,sars-gen1
variation,sars-gen1-003,殺小SARS 一代通用系列 買3送一隻主機 - 綠豆,1,1,999,0,sars-gen1
variation,sars-gen1-004,殺小SARS 一代通用系列 買3送一隻主機 - 漿果,1,1,999,0,sars-gen1
variable,ilia-gen5,ILIA5代 5代系列 買4送一隻主機,1,1,999,0,
variation,ilia-gen5-001,ILIA5代 5代系列 買4送一隻主機 - 可樂,1,1,999,0,ilia-gen5
variation,ilia-gen5-002,ILIA5代 5代系列 買4送一隻主機 - 百香果,1,1,999,0,ilia-gen5
variation,ilia-gen5-003,ILIA5代 5代系列 買4送一隻主機 - 老冰棍,1,1,999,0,ilia-gen5
variation,ilia-gen5-004,ILIA5代 5代系列 買4送一隻主機 - 西瓜,1,1,999,0,ilia-gen5
variation,ilia-gen5-005,ILIA5代 5代系列 買4送一隻主機 - 芒果,1,1,999,0,ilia-gen5
variation,ilia-gen5-006,ILIA5代 5代系列 買4送一隻主機 - 芭樂,1,1,999,0,ilia-gen5
variation,ilia-gen5-007,ILIA5代 5代系列 買4送一隻主機 - 青梅,1,1,999,0,ilia-gen5
variation,ilia-gen5-008,ILIA5代 5代系列 買4送一隻主機 - 南極冰,1,1,999,0,ilia-gen5
variation,ilia-gen5-009,ILIA5代 5代系列 買4送一隻主機 - 哈密瓜,1,1,999,0,ilia-gen5
variation,ilia-gen5-010,ILIA5代 5代系列 買4送一隻主機 - 荔枝,1,1,999,0,ilia-gen5
variation,ilia-gen5-011,ILIA5代 5代系列 買4送一隻主機 - 高山茶韻,1,1,999,0,ilia-gen5
variation,ilia-gen5-012,ILIA5代 5代系列 買4送一隻主機 - 雪碧,1,1,999,0,ilia-gen5
variation,ilia-gen5-013,ILIA5代 5代系列 買4送一隻主機 - 菸草,1,1,999,0,ilia-gen5
variation,ilia-gen5-014,ILIA5代 5代系列 買4送一隻主機 - 超A薄荷,1,1,999,0,ilia-gen5
variation,ilia-gen5-015,ILIA5代 5代系列 買4送一隻主機 - 極冰蘇打,1,1,999,0,ilia-gen5
variation,ilia-gen5-016,ILIA5代 5代系列 買4送一隻主機 - 葡萄,1,1,999,0,ilia-gen5
variation,ilia-gen5-017,ILIA5代 5代系列 買4送一隻主機 - 蜜桃,1,1,999,0,ilia-gen5
variation,ilia-gen5-018,ILIA5代 5代系列 買4送一隻主機 - 激情薄荷,1,1,999,0,ilia-gen5
variation,ilia-gen5-019,ILIA5代 5代系列 買4送一隻主機 - 檸檬,1,1,999,0,ilia-gen5
variation,ilia-gen5-020,ILIA5代 5代系列 買4送一隻主機 - 檸檬百香,1,1,999,0,ilia-gen5
variation,ilia-gen5-021,ILIA5代 5代系列 買4送一隻主機 - 藍莓,1,1,999,0,ilia-gen5
variation,ilia-gen5-022,ILIA5代 5代系列 買4送一隻主機 - 蘋果,1,1,999,0,ilia-gen5
variation,ilia-gen5-023,ILIA5代 5代系列 買4送一隻主機 - 鐵觀音,1,1,999,0,ilia-gen5
variation,ilia-gen5-024,ILIA5代 5代系列 買4送一隻主機 - 麝香葡萄,1,1,999,0,ilia-gen5
variable,ice-bear-gen5,冰熊 5代系列,1,1,999,0,
variation,ice-bear-gen5-001,冰熊 5代系列 - 水藍色,1,1,999,0,ice-bear-gen5
variation,ice-bear-gen5-002,冰熊 5代系列 - 白色,1,1,999,0,ice-bear-gen5
variation,ice-bear-gen5-003,冰熊 5代系列 - 灰色,1,1,999,0,ice-bear-gen5
variation,ice-bear-gen5-004,冰熊 5代系列 - 紫色,1,1,999,0,ice-bear-gen5
variation,ice-bear-gen5-005,冰熊 5代系列 - 黑色,1,1,999,0,ice-bear-gen5
variation,ice-bear-gen5-006,冰熊 5代系列 - 藍色,1,1,999,0,ice-bear-gen5
variable,tisic-cola-bottle,TISIC可樂瓶,1,1,999,0,
variation,tisic-cola-bottle-001,TISIC可樂瓶 - 百香果芭樂,1,1,999,0,tisic-cola-bottle
variation,tisic-cola-bottle-002,TISIC可樂瓶 - 老冰棍,1,1,999,0,tisic-cola-bottle
variation,tisic-cola-bottle-003,TISIC可樂瓶 - 芒果蜜桃,1,1,999,0,tisic-cola-bottle
variation,tisic-cola-bottle-004,TISIC可樂瓶 - 奇異果檸檬,1,1,999,0,tisic-cola-bottle
variation,tisic-cola-bottle-005,TISIC可樂瓶 - 茉莉觀音,1,1,999,0,tisic-cola-bottle
variation,tisic-cola-bottle-006,TISIC可樂瓶 - 草莓奇異果,1,1,999,0,tisic-cola-bottle
variation,tisic-cola-bottle-007,TISIC可樂瓶 - 混合莓果,1,1,999,0,tisic-cola-bottle
variation,tisic-cola-bottle-008,TISIC可樂瓶 - 雙倍葡萄,1,1,999,0,tisic-cola-bottle
variable,tisic-black-cat,TISIC新版 黑騎士/萌貓派對,1,1,999,0,
variation,tisic-black-cat-001,TISIC新版 黑騎士/萌貓派對 - TISIC-萌貓派對 百香果綠茶,1,1,999,0,tisic-black-cat
variation,tisic-black-cat-002,TISIC新版 黑騎士/萌貓派對 - TISIC-萌貓派對 老冰棍,1,1,999,0,tisic-black-cat
variation,tisic-black-cat-003,TISIC新版 黑騎士/萌貓派對 - TISIC-萌貓派對 芒果桃子,1,1,999,0,tisic-black-cat
variation,tisic-black-cat-004,TISIC新版 黑騎士/萌貓派對 - TISIC-萌貓派對 芭樂冰沙,1,1,999,0,tisic-black-cat
variation,tisic-black-cat-005,TISIC新版 黑騎士/萌貓派對 - TISIC-萌貓派對 茉莉鐵觀音,1,1,999,0,tisic-black-cat
variation,tisic-black-cat-006,TISIC新版 黑騎士/萌貓派對 - TISIC-萌貓派對 草莓奇異果,1,1,999,0,tisic-black-cat
variation,tisic-black-cat-007,TISIC新版 黑騎士/萌貓派對 - TISIC-萌貓派對 荔枝覆盆子,1,1,999,0,tisic-black-cat
variation,tisic-black-cat-008,TISIC新版 黑騎士/萌貓派對 - TISIC-萌貓派對 莓果冰沙,1,1,999,0,tisic-black-cat
variation,tisic-black-cat-009,TISIC新版 黑騎士/萌貓派對 - TISIC-萌貓派對 葡萄香檳,1,1,999,0,tisic-black-cat
variation,tisic-black-cat-010,TISIC新版 黑騎士/萌貓派對 - TISIC-萌貓派對 薄荷,1,1,999,0,tisic-black-cat
variation,tisic-black-cat-011,TISIC新版 黑騎士/萌貓派對 - TISIC-黑騎士 冰西瓜,1,1,999,0,tisic-black-cat
variation,tisic-black-cat-012,TISIC新版 黑騎士/萌貓派對 - TISIC-黑騎士 冰咖啡,1,1,999,0,tisic-black-cat
variation,tisic-black-cat-013,TISIC新版 黑騎士/萌貓派對 - TISIC-黑騎士 南極冰,1,1,999,0,tisic-black-cat
variation,tisic-black-cat-014,TISIC新版 黑騎士/萌貓派對 - TISIC-黑騎士 茉莉綠茶,1,1,999,0,tisic-black-cat
variation,tisic-black-cat-015,TISIC新版 黑騎士/萌貓派對 - TISIC-黑騎士 海鹽檸檬,1,1,999,0,tisic-black-cat
variation,tisic-black-cat-016,TISIC新版 黑騎士/萌貓派對 - TISIC-黑騎士 密露思冰樂,1,1,999,0,tisic-black-cat
variation,tisic-black-cat-017,TISIC新版 黑騎士/萌貓派對 - TISIC-黑騎士 混合莓果,1,1,999,0,tisic-black-cat
variation,tisic-black-cat-018,TISIC新版 黑騎士/萌貓派對 - TISIC-黑騎士 雪茄菸草,1,1,999,0,tisic-black-cat
variation,tisic-black-cat-019,TISIC新版 黑騎士/萌貓派對 - TISIC-黑騎士 黑加侖泡泡糖,1,1,999,0,tisic-black-cat
variation,tisic-black-cat-020,TISIC新版 黑騎士/萌貓派對 - TISIC-黑騎士 蜜桃威士忌,1,1,999,0,tisic-black-cat
variable,kis5-gen1,Kis5一代,1,1,999,0,
variation,kis5-gen1-001,Kis5一代 - 可樂,1,1,999,0,kis5-gen1
variation,kis5-gen1-002,Kis5一代 - 西瓜,1,1,999,0,kis5-gen1
variation,kis5-gen1-003,Kis5一代 - 沙士,1,1,999,0,kis5-gen1
variation,kis5-gen1-004,Kis5一代 - 芒果,1,1,999,0,kis5-gen1
variation,kis5-gen1-005,Kis5一代 - 抹茶莓果,1,1,999,0,kis5-gen1
variation,kis5-gen1-006,Kis5一代 - 芭樂,1,1,999,0,kis5-gen1
variation,kis5-gen1-007,Kis5一代 - 哈密瓜,1,1,999,0,kis5-gen1
variation,kis5-gen1-008,Kis5一代 - 荔枝,1,1,999,0,kis5-gen1
variation,kis5-gen1-009,Kis5一代 - 葡萄,1,1,999,0,kis5-gen1
variation,kis5-gen1-010,Kis5一代 - 蜜桃烏龍,1,1,999,0,kis5-gen1
variation,kis5-gen1-011,Kis5一代 - 鳳梨,1,1,999,0,kis5-gen1
variation,kis5-gen1-012,Kis5一代 - 龍井,1,1,999,0,kis5-gen1
variation,kis5-gen1-013,Kis5一代 - 薄荷,1,1,999,0,kis5-gen1
variation,kis5-gen1-014,Kis5一代 - 寶礦力,1,1,999,0,kis5-gen1
variation,kis5-gen1-015,Kis5一代 - 蘋果,1,1,999,0,kis5-gen1
variable,kis5-disposable-6500,Kis5拋棄式6500口,1,1,999,0,
variation,kis5-disposable-6500-001,Kis5拋棄式6500口 - KIS5拋棄式-可樂,1,1,999,0,kis5-disposable-6500
variation,kis5-disposable-6500-002,Kis5拋棄式6500口 - KIS5拋棄式-百香果,1,1,999,0,kis5-disposable-6500
variation,kis5-disposable-6500-003,Kis5拋棄式6500口 - KIS5拋棄式-西瓜,1,1,999,0,kis5-disposable-6500
variation,kis5-disposable-6500-004,Kis5拋棄式6500口 - KIS5拋棄式-芭樂,1,1,999,0,kis5-disposable-6500
variation,kis5-disposable-6500-005,Kis5拋棄式6500口 - KIS5拋棄式-青箭口香糖,1,1,999,0,kis5-disposable-6500
variation,kis5-disposable-6500-006,Kis5拋棄式6500口 - KIS5拋棄式-南極冰,1,1,999,0,kis5-disposable-6500
variation,kis5-disposable-6500-007,Kis5拋棄式6500口 - KIS5拋棄式-紅柚翡翠,1,1,999,0,kis5-disposable-6500
variation,kis5-disposable-6500-008,Kis5拋棄式6500口 - KIS5拋棄式-桂花綠茶,1,1,999,0,kis5-disposable-6500
variation,kis5-disposable-6500-009,Kis5拋棄式6500口 - KIS5拋棄式-神仙檸檬,1,1,999,0,kis5-disposable-6500
variation,kis5-disposable-6500-010,Kis5拋棄式6500口 - KIS5拋棄式-草莓,1,1,999,0,kis5-disposable-6500
variation,kis5-disposable-6500-011,Kis5拋棄式6500口 - KIS5拋棄式-草莓西瓜,1,1,999,0,kis5-disposable-6500
variation,kis5-disposable-6500-012,Kis5拋棄式6500口 - KIS5拋棄式-甜橙,1,1,999,0,kis5-disposable-6500
variation,kis5-disposable-6500-013,Kis5拋棄式6500口 - KIS5拋棄式-葡萄,1,1,999,0,kis5-disposable-6500
variation,kis5-disposable-6500-014,Kis5拋棄式6500口 - KIS5拋棄式-蜜桃烏龍,1,1,999,0,kis5-disposable-6500
variation,kis5-disposable-6500-015,Kis5拋棄式6500口 - KIS5拋棄式-薄荷,1,1,999,0,kis5-disposable-6500
variation,kis5-disposable-6500-016,Kis5拋棄式6500口 - KIS5拋棄式-藍冰,1,1,999,0,kis5-disposable-6500
variation,kis5-disposable-6500-017,Kis5拋棄式6500口 - KIS5拋棄式-蘋果,1,1,999,0,kis5-disposable-6500
variation,kis5-disposable-6500-018,Kis5拋棄式6500口 - KIS5拋棄式-鐵觀音,1,1,999,0,kis5-disposable-6500
variable,mehai-gen1,魅嗨一代,1,1,999,0,
variation,mehai-gen1-001,魅嗨一代 - 可樂,1,1,999,0,mehai-gen1
variation,mehai-gen1-002,魅嗨一代 - 冰泉,1,1,999,0,mehai-gen1
variation,mehai-gen1-003,魅嗨一代 - 百香果,1,1,999,0,mehai-gen1
variation,mehai-gen1-004,魅嗨一代 - 老冰棍,1,1,999,0,mehai-gen1
variation,mehai-gen1-005,魅嗨一代 - 西瓜,1,1,999,0,mehai-gen1
variation,mehai-gen1-006,魅嗨一代 - 沙士,1,1,999,0,mehai-gen1
variation,mehai-gen1-007,魅嗨一代 - 芒果,1,1,999,0,mehai-gen1
variation,mehai-gen1-008,魅嗨一代 - 芭樂,1,1,999,0,mehai-gen1
variation,mehai-gen1-009,魅嗨一代 - 哈密瓜,1,1,999,0,mehai-gen1
variation,mehai-gen1-010,魅嗨一代 - 紅顏知己,1,1,999,0,mehai-gen1
variation,mehai-gen1-011,魅嗨一代 - 草莓,1,1,999,0,mehai-gen1
variation,mehai-gen1-012,魅嗨一代 - 荔枝,1,1,999,0,mehai-gen1
variation,mehai-gen1-013,魅嗨一代 - 菸草,1,1,999,0,mehai-gen1
variation,mehai-gen1-014,魅嗨一代 - 葡萄,1,1,999,0,mehai-gen1
variation,mehai-gen1-015,魅嗨一代 - 蜜桃,1,1,999,0,mehai-gen1
variation,mehai-gen1-016,魅嗨一代 - 鳳梨,1,1,999,0,mehai-gen1
variation,mehai-gen1-017,魅嗨一代 - 薄荷,1,1,999,0,mehai-gen1
variation,mehai-gen1-018,魅嗨一代 - 檸檬海鹽,1,1,999,0,mehai-gen1
variation,mehai-gen1-019,魅嗨一代 - 檸檬草,1,1,999,0,mehai-gen1
variation,mehai-gen1-020,魅嗨一代 - 藍莓,1,1,999,0,mehai-gen1
variation,mehai-gen1-021,魅嗨一代 - 寶礦力,1,1,999,0,mehai-gen1
variation,mehai-gen1-022,魅嗨一代 - 蘋果,1,1,999,0,mehai-gen1
variation,mehai-gen1-023,魅嗨一代 - 鐵觀音,1,1,999,0,mehai-gen1
variable,mehai-gen5,魅嗨五代,1,1,999,0,
variation,mehai-gen5-001,魅嗨五代 - 冰鎮西瓜,1,1,999,0,mehai-gen5
variation,mehai-gen5-002,魅嗨五代 - 多肉葡萄,1,1,999,0,mehai-gen5
variation,mehai-gen5-003,魅嗨五代 - 百香果汁,1,1,999,0,mehai-gen5
variation,mehai-gen5-004,魅嗨五代 - 芒果冰沙,1,1,999,0,mehai-gen5
variation,mehai-gen5-005,魅嗨五代 - 荔枝甘露,1,1,999,0,mehai-gen5
variation,mehai-gen5-006,魅嗨五代 - 零度可樂,1,1,999,0,mehai-gen5
variation,mehai-gen5-007,魅嗨五代 - 鐵觀音,1,1,999,0,mehai-gen5
variable,infinity-series,無限,1,1,999,0,
variation,infinity-series-001,無限 - 手打檸檬,1,1,999,0,infinity-series
variation,infinity-series-002,無限 - 可樂,1,1,999,0,infinity-series
variation,infinity-series-003,無限 - 冰凍檸茶,1,1,999,0,infinity-series
variation,infinity-series-004,無限 - 百香果,1,1,999,0,infinity-series
variation,infinity-series-005,無限 - 西瓜,1,1,999,0,infinity-series
variation,infinity-series-006,無限 - 沙士,1,1,999,0,infinity-series
variation,infinity-series-007,無限 - 芒果,1,1,999,0,infinity-series
variation,infinity-series-008,無限 - 奇異果,1,1,999,0,infinity-series
variation,infinity-series-009,無限 - 芭樂,1,1,999,0,infinity-series
variation,infinity-series-010,無限 - 青蘋果,1,1,999,0,infinity-series
variation,infinity-series-011,無限 - 南極冰,1,1,999,0,infinity-series
variation,infinity-series-012,無限 - 凍頂烏龍,1,1,999,0,infinity-series
variation,infinity-series-013,無限 - 荔枝,1,1,999,0,infinity-series
variation,infinity-series-014,無限 - 莓果,1,1,999,0,infinity-series
variation,infinity-series-015,無限 - 葡萄,1,1,999,0,infinity-series
variation,infinity-series-016,無限 - 蜜瓜,1,1,999,0,infinity-series
variation,infinity-series-017,無限 - 蜜桃,1,1,999,0,infinity-series
variation,infinity-series-018,無限 - 蜜桃烏龍,1,1,999,0,infinity-series
variation,infinity-series-019,無限 - 鳳梨冰沙,1,1,999,0,infinity-series
variation,infinity-series-020,無限 - 橘子汽水,1,1,999,0,infinity-series
variation,infinity-series-021,無限 - 薄荷,1,1,999,0,infinity-series
variation,infinity-series-022,無限 - 檸檬海鹽,1,1,999,0,infinity-series
variation,infinity-series-023,無限 - 藍莓,1,1,999,0,infinity-series
variation,infinity-series-024,無限 - 鐵觀音,1,1,999,0,infinity-series
variation,infinity-series-025,無限 - 麝香葡萄,1,1,999,0,infinity-series
variable,universal-sleeve,通用保護套,1,1,999,0,
variation,universal-sleeve-001,通用保護套 - 主機皮套-編號1,1,1,999,0,universal-sleeve
variation,universal-sleeve-002,通用保護套 - 主機皮套-編號10,1,1,999,0,universal-sleeve
variation,universal-sleeve-003,通用保護套 - 主機皮套-編號11,1,1,999,0,universal-sleeve
variation,universal-sleeve-004,通用保護套 - 主機皮套-編號12,1,1,999,0,universal-sleeve
variation,universal-sleeve-005,通用保護套 - 主機皮套-編號13,1,1,999,0,universal-sleeve
variation,universal-sleeve-006,通用保護套 - 主機皮套-編號14,1,1,999,0,universal-sleeve
variation,universal-sleeve-007,通用保護套 - 主機皮套-編號15,1,1,999,0,universal-sleeve
variation,universal-sleeve-008,通用保護套 - 主機皮套-編號16,1,1,999,0,universal-sleeve
variation,universal-sleeve-009,通用保護套 - 主機皮套-編號17,1,1,999,0,universal-sleeve
variation,universal-sleeve-010,通用保護套 - 主機皮套-編號18,1,1,999,0,universal-sleeve
variation,universal-sleeve-011,通用保護套 - 主機皮套-編號19,1,1,999,0,universal-sleeve
variation,universal-sleeve-012,通用保護套 - 主機皮套-編號2,1,1,999,0,universal-sleeve
variation,universal-sleeve-013,通用保護套 - 主機皮套-編號20,1,1,999,0,universal-sleeve
variation,universal-sleeve-014,通用保護套 - 主機皮套-編號21,1,1,999,0,universal-sleeve
variation,universal-sleeve-015,通用保護套 - 主機皮套-編號22,1,1,999,0,universal-sleeve
variation,universal-sleeve-016,通用保護套 - 主機皮套-編號23,1,1,999,0,universal-sleeve
variation,universal-sleeve-017,通用保護套 - 主機皮套-編號24,1,1,999,0,universal-sleeve
variation,universal-sleeve-018,通用保護套 - 主機皮套-編號25,1,1,999,0,universal-sleeve
variation,universal-sleeve-019,通用保護套 - 主機皮套-編號26,1,1,999,0,universal-sleeve
variation,universal-sleeve-020,通用保護套 - 主機皮套-編號27,1,1,999,0,universal-sleeve
variation,universal-sleeve-021,通用保護套 - 主機皮套-編號28,1,1,999,0,universal-sleeve
variation,universal-sleeve-022,通用保護套 - 主機皮套-編號29,1,1,999,0,universal-sleeve
variation,universal-sleeve-023,通用保護套 - 主機皮套-編號3,1,1,999,0,universal-sleeve
variation,universal-sleeve-024,通用保護套 - 主機皮套-編號30,1,1,999,0,universal-sleeve
variation,universal-sleeve-025,通用保護套 - 主機皮套-編號4,1,1,999,0,universal-sleeve
variation,universal-sleeve-026,通用保護套 - 主機皮套-編號5,1,1,999,0,universal-sleeve
variation,universal-sleeve-027,通用保護套 - 主機皮套-編號6,1,1,999,0,universal-sleeve
variation,universal-sleeve-028,通用保護套 - 主機皮套-編號7,1,1,999,0,universal-sleeve
variation,universal-sleeve-029,通用保護套 - 主機皮套-編號8,1,1,999,0,universal-sleeve
variation,universal-sleeve-030,通用保護套 - 主機皮套-編號9,1,1,999,0,universal-sleeve
variation,universal-sleeve-031,通用保護套 - 拋棄式掛繩,1,1,999,0,universal-sleeve
variation,universal-sleeve-032,通用保護套 - 通用主機掛鍊,1,1,999,0,universal-sleeve
variable,marbo-9000,MARBO 9000口,1,1,999,0,
variation,marbo-9000-001,MARBO 9000口 - 水蜜桃冰,1,1,999,0,marbo-9000
variation,marbo-9000-002,MARBO 9000口 - 可樂冰,1,1,999,0,marbo-9000
variation,marbo-9000-003,MARBO 9000口 - 冰礦泉水,1,1,999,0,marbo-9000
variation,marbo-9000-004,MARBO 9000口 - 西瓜冰沙,1,1,999,0,marbo-9000
variation,marbo-9000-005,MARBO 9000口 - 急凍薄荷,1,1,999,0,marbo-9000
variation,marbo-9000-006,MARBO 9000口 - 草莓,1,1,999,0,marbo-9000
variation,marbo-9000-007,MARBO 9000口 - 荔枝葡萄,1,1,999,0,marbo-9000
variation,marbo-9000-008,MARBO 9000口 - 彩虹糖,1,1,999,0,marbo-9000
variation,marbo-9000-009,MARBO 9000口 - 甜橙冰,1,1,999,0,marbo-9000
variation,marbo-9000-010,MARBO 9000口 - 紫葡萄冰,1,1,999,0,marbo-9000
variation,marbo-9000-011,MARBO 9000口 - 葡萄蘆薈,1,1,999,0,marbo-9000
variation,marbo-9000-012,MARBO 9000口 - 酸軟糖,1,1,999,0,marbo-9000
variation,marbo-9000-013,MARBO 9000口 - 檸檬水,1,1,999,0,marbo-9000
variation,marbo-9000-014,MARBO 9000口 - 檸檬海鹽,1,1,999,0,marbo-9000
variation,marbo-9000-015,MARBO 9000口 - 藍冰,1,1,999,0,marbo-9000
variation,marbo-9000-016,MARBO 9000口 - 蘋果蘆薈,1,1,999,0,marbo-9000
variable,obi-disposable-8000,OBI奧比拋棄式8000口,1,1,999,0,
variation,obi-disposable-8000-001,OBI奧比拋棄式8000口 - OBI七星,1,1,999,0,obi-disposable-8000
variation,obi-disposable-8000-002,OBI奧比拋棄式8000口 - OBI可爾必思,1,1,999,0,obi-disposable-8000
variation,obi-disposable-8000-003,OBI奧比拋棄式8000口 - OBI可樂,1,1,999,0,obi-disposable-8000
variation,obi-disposable-8000-004,OBI奧比拋棄式8000口 - OBI百香果,1,1,999,0,obi-disposable-8000
variation,obi-disposable-8000-005,OBI奧比拋棄式8000口 - OBI老冰棍,1,1,999,0,obi-disposable-8000
variation,obi-disposable-8000-006,OBI奧比拋棄式8000口 - OBI西瓜,1,1,999,0,obi-disposable-8000
variation,obi-disposable-8000-007,OBI奧比拋棄式8000口 - OBI沙士,1,1,999,0,obi-disposable-8000
variation,obi-disposable-8000-008,OBI奧比拋棄式8000口 - OBI芒果,1,1,999,0,obi-disposable-8000
variation,obi-disposable-8000-009,OBI奧比拋棄式8000口 - OBI奇異果,1,1,999,0,obi-disposable-8000
variation,obi-disposable-8000-010,OBI奧比拋棄式8000口 - OBI芭樂,1,1,999,0,obi-disposable-8000
variation,obi-disposable-8000-011,OBI奧比拋棄式8000口 - OBI青提,1,1,999,0,obi-disposable-8000
variation,obi-disposable-8000-012,OBI奧比拋棄式8000口 - OBI青蘋果,1,1,999,0,obi-disposable-8000
variation,obi-disposable-8000-013,OBI奧比拋棄式8000口 - OBI哈密瓜,1,1,999,0,obi-disposable-8000
variation,obi-disposable-8000-014,OBI奧比拋棄式8000口 - OBI草莓,1,1,999,0,obi-disposable-8000
variation,obi-disposable-8000-015,OBI奧比拋棄式8000口 - OBI荔枝,1,1,999,0,obi-disposable-8000
variation,obi-disposable-8000-016,OBI奧比拋棄式8000口 - OBI莓果,1,1,999,0,obi-disposable-8000
variation,obi-disposable-8000-017,OBI奧比拋棄式8000口 - OBI雪碧,1,1,999,0,obi-disposable-8000
variation,obi-disposable-8000-018,OBI奧比拋棄式8000口 - OBI葡萄冰,1,1,999,0,obi-disposable-8000
variation,obi-disposable-8000-019,OBI奧比拋棄式8000口 - OBI葡萄百香果,1,1,999,0,obi-disposable-8000
variation,obi-disposable-8000-020,OBI奧比拋棄式8000口 - OBI蜜桃,1,1,999,0,obi-disposable-8000
variation,obi-disposable-8000-021,OBI奧比拋棄式8000口 - OBI蜜桃烏龍,1,1,999,0,obi-disposable-8000
variation,obi-disposable-8000-022,OBI奧比拋棄式8000口 - OBI薄荷,1,1,999,0,obi-disposable-8000
variation,obi-disposable-8000-023,OBI奧比拋棄式8000口 - OBI檸檬海鹽,1,1,999,0,obi-disposable-8000
variation,obi-disposable-8000-024,OBI奧比拋棄式8000口 - OBI藍莓,1,1,999,0,obi-disposable-8000
variation,obi-disposable-8000-025,OBI奧比拋棄式8000口 - OBI櫻花,1,1,999,0,obi-disposable-8000
variation,obi-disposable-8000-026,OBI奧比拋棄式8000口 - OBI鐵觀音,1,1,999,0,obi-disposable-8000
variable,chill-disposable-8800,CHILL拋棄式8800口,1,1,999,0,
variation,chill-disposable-8800-001,CHILL拋棄式8800口 - CHILL拋棄式奶油菸草,1,1,999,0,chill-disposable-8800
variation,chill-disposable-8800-002,CHILL拋棄式8800口 - CHILL拋棄式冰棍,1,1,999,0,chill-disposable-8800
variation,chill-disposable-8800-003,CHILL拋棄式8800口 - CHILL拋棄式百香果,1,1,999,0,chill-disposable-8800
variation,chill-disposable-8800-004,CHILL拋棄式8800口 - CHILL拋棄式西瓜,1,1,999,0,chill-disposable-8800
variation,chill-disposable-8800-005,CHILL拋棄式8800口 - CHILL拋棄式伯牙絕弦,1,1,999,0,chill-disposable-8800
variation,chill-disposable-8800-006,CHILL拋棄式8800口 - CHILL拋棄式芭樂,1,1,999,0,chill-disposable-8800
variation,chill-disposable-8800-007,CHILL拋棄式8800口 - CHILL拋棄式青峰雪(橘子柚子),1,1,999,0,chill-disposable-8800
variation,chill-disposable-8800-008,CHILL拋棄式8800口 - CHILL拋棄式荔枝,1,1,999,0,chill-disposable-8800
variation,chill-disposable-8800-009,CHILL拋棄式8800口 - CHILL拋棄式陽光玫瑰青提,1,1,999,0,chill-disposable-8800
variation,chill-disposable-8800-010,CHILL拋棄式8800口 - CHILL拋棄式葡萄,1,1,999,0,chill-disposable-8800
variation,chill-disposable-8800-011,CHILL拋棄式8800口 - CHILL拋棄式蜜桃,1,1,999,0,chill-disposable-8800
variation,chill-disposable-8800-012,CHILL拋棄式8800口 - CHILL拋棄式龍井,1,1,999,0,chill-disposable-8800
variation,chill-disposable-8800-013,CHILL拋棄式8800口 - CHILL拋棄式薄荷,1,1,999,0,chill-disposable-8800
variation,chill-disposable-8800-014,CHILL拋棄式8800口 - CHILL拋棄式藍莓,1,1,999,0,chill-disposable-8800
variation,chill-disposable-8800-015,CHILL拋棄式8800口 - CHILL拋棄式覆盆子森林,1,1,999,0,chill-disposable-8800
variable,relx-smash-go-12k,RELX Smash Go12K,1,1,999,0,
variation,relx-smash-go-12k-001,RELX Smash Go12K - RELX Smash Go 12000白桃烏龍,1,1,999,0,relx-smash-go-12k
variation,relx-smash-go-12k-002,RELX Smash Go12K - RELX Smash Go 12000冰川泉水,1,1,999,0,relx-smash-go-12k
variation,relx-smash-go-12k-003,RELX Smash Go12K - RELX Smash Go 12000冰沁可樂,1,1,999,0,relx-smash-go-12k
variation,relx-smash-go-12k-004,RELX Smash Go12K - RELX Smash Go 12000冰新薄荷,1,1,999,0,relx-smash-go-12k
variation,relx-smash-go-12k-005,RELX Smash Go12K - RELX Smash Go 12000百香金果,1,1,999,0,relx-smash-go-12k
variation,relx-smash-go-12k-006,RELX Smash Go12K - RELX Smash Go 12000沁爽青檸,1,1,999,0,relx-smash-go-12k
variation,relx-smash-go-12k-007,RELX Smash Go12K - RELX Smash Go 12000赤玉西瓜,1,1,999,0,relx-smash-go-12k
variation,relx-smash-go-12k-008,RELX Smash Go12K - RELX Smash Go 12000金耀芒果,1,1,999,0,relx-smash-go-12k
variation,relx-smash-go-12k-009,RELX Smash Go12K - RELX Smash Go 12000海鹽檸檬,1,1,999,0,relx-smash-go-12k
variation,relx-smash-go-12k-010,RELX Smash Go12K - RELX Smash Go 12000草莓晶鑽,1,1,999,0,relx-smash-go-12k
variation,relx-smash-go-12k-011,RELX Smash Go12K - RELX Smash Go 12000混合莓果,1,1,999,0,relx-smash-go-12k
variation,relx-smash-go-12k-012,RELX Smash Go12K - RELX Smash Go 12000清澄芭樂,1,1,999,0,relx-smash-go-12k
variation,relx-smash-go-12k-013,RELX Smash Go12K - RELX Smash Go 12000紫冰藍莓,1,1,999,0,relx-smash-go-12k
variation,relx-smash-go-12k-014,RELX Smash Go12K - RELX Smash Go 12000紫晶葡萄,1,1,999,0,relx-smash-go-12k
variation,relx-smash-go-12k-015,RELX Smash Go12K - RELX Smash Go 12000黑金氣泡(沙士),1,1,999,0,relx-smash-go-12k
variation,relx-smash-go-12k-016,RELX Smash Go12K - RELX Smash Go 12000葡萄荔枝,1,1,999,0,relx-smash-go-12k
variation,relx-smash-go-12k-017,RELX Smash Go12K - RELX Smash Go 12000翡翠青提,1,1,999,0,relx-smash-go-12k
variation,relx-smash-go-12k-018,RELX Smash Go12K - RELX Smash Go 12000樹頂蘋果,1,1,999,0,relx-smash-go-12k
variation,relx-smash-go-12k-019,RELX Smash Go12K - RELX Smash Go 12000韻香鐵觀,1,1,999,0,relx-smash-go-12k
variation,relx-smash-go-12k-020,RELX Smash Go12K - RELX Smash Go 12000寶礦力,1,1,999,0,relx-smash-go-12k
variable,dot-plus-8000,Dot Plus 8000 Puffs,1,1,999,0,
variation,dot-plus-8000-001,Dot Plus 8000 Puffs - 百香果,1,1,999,0,dot-plus-8000
variation,dot-plus-8000-002,Dot Plus 8000 Puffs - 西瓜,1,1,999,0,dot-plus-8000
variation,dot-plus-8000-003,Dot Plus 8000 Puffs - 芒果,1,1,999,0,dot-plus-8000
variation,dot-plus-8000-004,Dot Plus 8000 Puffs - 青提,1,1,999,0,dot-plus-8000
variation,dot-plus-8000-005,Dot Plus 8000 Puffs - 海鹽檸檬,1,1,999,0,dot-plus-8000
variation,dot-plus-8000-006,Dot Plus 8000 Puffs - 荔枝,1,1,999,0,dot-plus-8000
variation,dot-plus-8000-007,Dot Plus 8000 Puffs - 番石榴,1,1,999,0,dot-plus-8000
variation,dot-plus-8000-008,Dot Plus 8000 Puffs - 葡萄,1,1,999,0,dot-plus-8000
variation,dot-plus-8000-009,Dot Plus 8000 Puffs - 蜜桃,1,1,999,0,dot-plus-8000
variation,dot-plus-8000-010,Dot Plus 8000 Puffs - 龍井,1,1,999,0,dot-plus-8000
variation,dot-plus-8000-011,Dot Plus 8000 Puffs - 薄荷,1,1,999,0,dot-plus-8000
variation,dot-plus-8000-012,Dot Plus 8000 Puffs - 檸檬可樂,1,1,999,0,dot-plus-8000
variation,dot-plus-8000-013,Dot Plus 8000 Puffs - 藍莓,1,1,999,0,dot-plus-8000
variation,dot-plus-8000-014,Dot Plus 8000 Puffs - 蘇打,1,1,999,0,dot-plus-8000
variation,dot-plus-8000-015,Dot Plus 8000 Puffs - 鐵觀音,1,1,999,0,dot-plus-8000
variable,mistx-6500,MistX 6500口,1,1,999,0,
variation,mistx-6500-001,MistX 6500口 - 沙士,1,1,999,0,mistx-6500
variation,mistx-6500-002,MistX 6500口 - 莓果,1,1,999,0,mistx-6500
variation,mistx-6500-003,MistX 6500口 - 椰子水,1,1,999,0,mistx-6500
variation,mistx-6500-004,MistX 6500口 - 寶礦力,1,1,999,0,mistx-6500
variable,meha-titan-15000-host,meha泰坦15000口(專用主機),1,1,999,0,
variation,meha-titan-15000-host-001,meha泰坦15000口(專用主機) - 粉霧幻影,1,1,999,0,meha-titan-15000-host
variation,meha-titan-15000-host-002,meha泰坦15000口(專用主機) - 紫魅幻影,1,1,999,0,meha-titan-15000-host
variation,meha-titan-15000-host-003,meha泰坦15000口(專用主機) - 鈦空啞灰,1,1,999,0,meha-titan-15000-host
variation,meha-titan-15000-host-004,meha泰坦15000口(專用主機) - 暗影鎏金,1,1,999,0,meha-titan-15000-host
variation,meha-titan-15000-host-005,meha泰坦15000口(專用主機) - 蒼藍極光,1,1,999,0,meha-titan-15000-host
variation,meha-titan-15000-host-006,meha泰坦15000口(專用主機) - 元氣檸檬,1,1,999,0,meha-titan-15000-host
variation,meha-titan-15000-host-007,meha泰坦15000口(專用主機) - 多汁蜜桃,1,1,999,0,meha-titan-15000-host
variation,meha-titan-15000-host-008,meha泰坦15000口(專用主機) - 多肉葡萄,1,1,999,0,meha-titan-15000-host
variation,meha-titan-15000-host-009,meha泰坦15000口(專用主機) - 百香果汁,1,1,999,0,meha-titan-15000-host
variation,meha-titan-15000-host-010,meha泰坦15000口(專用主機) - 紅心芭樂,1,1,999,0,meha-titan-15000-host
variation,meha-titan-15000-host-011,meha泰坦15000口(專用主機) - 香瓜密語,1,1,999,0,meha-titan-15000-host
variation,meha-titan-15000-host-012,meha泰坦15000口(專用主機) - 掛綠荔枝,1,1,999,0,meha-titan-15000-host
variation,meha-titan-15000-host-013,meha泰坦15000口(專用主機) - 蘭芷烏龍,1,1,999,0,meha-titan-15000-host
variation,meha-titan-15000-host-014,meha泰坦15000口(專用主機) - 鐵觀音,1,1,999,0,meha-titan-15000-host
variation,meha-titan-15000-host-015,meha泰坦15000口(專用主機) - VCT菸草,1,1,999,0,meha-titan-15000-host
variable,sp2s-universal-pods,SP2S 煙彈（一代通用）,1,1,999,0,
variation,sp2s-universal-pods-001,SP2S 煙彈（一代通用） - 芭樂星冰,1,1,999,0,sp2s-universal-pods
variation,sp2s-universal-pods-002,SP2S 煙彈（一代通用） - 白葡萄棟檸茶,1,1,999,0,sp2s-universal-pods
variation,sp2s-universal-pods-003,SP2S 煙彈（一代通用） - 百香果,1,1,999,0,sp2s-universal-pods
variation,sp2s-universal-pods-004,SP2S 煙彈（一代通用） - 冰礦泉,1,1,999,0,sp2s-universal-pods
variation,sp2s-universal-pods-005,SP2S 煙彈（一代通用） - 冰礦泉荔枝,1,1,999,0,sp2s-universal-pods
variation,sp2s-universal-pods-006,SP2S 煙彈（一代通用） - 超柔煙草,1,1,999,0,sp2s-universal-pods
variation,sp2s-universal-pods-007,SP2S 煙彈（一代通用） - 醇厚芒果,1,1,999,0,sp2s-universal-pods
variation,sp2s-universal-pods-008,SP2S 煙彈（一代通用） - 棟檸冰茶,1,1,999,0,sp2s-universal-pods
variation,sp2s-universal-pods-009,SP2S 煙彈（一代通用） - 哈密瓜,1,1,999,0,sp2s-universal-pods
variation,sp2s-universal-pods-010,SP2S 煙彈（一代通用） - 海鹽檸檬,1,1,999,0,sp2s-universal-pods
variation,sp2s-universal-pods-011,SP2S 煙彈（一代通用） - 紅顏知己（蔓越莓）,1,1,999,0,sp2s-universal-pods
variation,sp2s-universal-pods-012,SP2S 煙彈（一代通用） - 可樂,1,1,999,0,sp2s-universal-pods
variation,sp2s-universal-pods-013,SP2S 煙彈（一代通用） - 酷爽鳳梨,1,1,999,0,sp2s-universal-pods
variation,sp2s-universal-pods-014,SP2S 煙彈（一代通用） - 礦力冰飲,1,1,999,0,sp2s-universal-pods
variation,sp2s-universal-pods-015,SP2S 煙彈（一代通用） - 藍莓爆珠,1,1,999,0,sp2s-universal-pods
variation,sp2s-universal-pods-016,SP2S 煙彈（一代通用） - 老冰棍,1,1,999,0,sp2s-universal-pods
variation,sp2s-universal-pods-017,SP2S 煙彈（一代通用） - 利冰納（黑加侖）,1,1,999,0,sp2s-universal-pods
variation,sp2s-universal-pods-018,SP2S 煙彈（一代通用） - 綠豆,1,1,999,0,sp2s-universal-pods
variation,sp2s-universal-pods-019,SP2S 煙彈（一代通用） - 蜜桃烏龍,1,1,999,0,sp2s-universal-pods
variation,sp2s-universal-pods-020,SP2S 煙彈（一代通用） - 茗茶青梅,1,1,999,0,sp2s-universal-pods
variation,sp2s-universal-pods-021,SP2S 煙彈（一代通用） - 茉莉綠茶,1,1,999,0,sp2s-universal-pods
variation,sp2s-universal-pods-022,SP2S 煙彈（一代通用） - 南極冰,1,1,999,0,sp2s-universal-pods
variation,sp2s-universal-pods-023,SP2S 煙彈（一代通用） - 檸檬紅茶,1,1,999,0,sp2s-universal-pods
variation,sp2s-universal-pods-024,SP2S 煙彈（一代通用） - 葡萄,1,1,999,0,sp2s-universal-pods
variation,sp2s-universal-pods-025,SP2S 煙彈（一代通用） - 青蘋果,1,1,999,0,sp2s-universal-pods
variation,sp2s-universal-pods-026,SP2S 煙彈（一代通用） - 清涼薄荷,1,1,999,0,sp2s-universal-pods
variation,sp2s-universal-pods-027,SP2S 煙彈（一代通用） - 沙士啤酒,1,1,999,0,sp2s-universal-pods
variation,sp2s-universal-pods-028,SP2S 煙彈（一代通用） - 山竹荔枝,1,1,999,0,sp2s-universal-pods
variation,sp2s-universal-pods-029,SP2S 煙彈（一代通用） - 深林莓果,1,1,999,0,sp2s-universal-pods
variation,sp2s-universal-pods-030,SP2S 煙彈（一代通用） - 鐵觀音,1,1,999,0,sp2s-universal-pods
variation,sp2s-universal-pods-031,SP2S 煙彈（一代通用） - 西瓜,1,1,999,0,sp2s-universal-pods
variation,sp2s-universal-pods-032,SP2S 煙彈（一代通用） - 元氣蜜桃,1,1,999,0,sp2s-universal-pods
variable,cartoon,卡通限量版一代通配主機 多種配色可選,1,1,999,0,
variation,cartoon-001,卡通限量版一代通配主機 多種配色可選 - 多拉 A 夢,1,1,999,0,cartoon
variation,cartoon-002,卡通限量版一代通配主機 多種配色可選 - 航海王魯夫 - 藍,1,1,999,0,cartoon
variation,cartoon-003,卡通限量版一代通配主機 多種配色可選 - 火影忍者卡卡西,1,1,999,0,cartoon
variation,cartoon-004,卡通限量版一代通配主機 多種配色可選 - 航海王索隆 - 綠,1,1,999,0,cartoon
variation,cartoon-005,卡通限量版一代通配主機 多種配色可選 - 庫洛米,1,1,999,0,cartoon
variation,cartoon-006,卡通限量版一代通配主機 多種配色可選 - KT 貓,1,1,999,0,cartoon
variation,cartoon-007,卡通限量版一代通配主機 多種配色可選 - 蠟筆小新,1,1,999,0,cartoon
variable,bullet,SP2S 一代通用主機 sp2s 電子煙主機,1,1,999,0,
variation,bullet-001,SP2S 一代通用主機 sp2s 電子煙主機 - 藍境秋杏,1,1,999,0,bullet
variation,bullet-002,SP2S 一代通用主機 sp2s 電子煙主機 - 丁香淡紫,1,1,999,0,bullet
variation,bullet-003,SP2S 一代通用主機 sp2s 電子煙主機 - 新年金,1,1,999,0,bullet
variation,bullet-004,SP2S 一代通用主機 sp2s 電子煙主機 - 海棠粉,1,1,999,0,bullet
variation,bullet-005,SP2S 一代通用主機 sp2s 電子煙主機 - 黑武士,1,1,999,0,bullet
variation,bullet-006,SP2S 一代通用主機 sp2s 電子煙主機 - 磨砂黑,1,1,999,0,bullet
variation,bullet-007,SP2S 一代通用主機 sp2s 電子煙主機 - 魅海藍,1,1,999,0,bullet
variation,bullet-008,SP2S 一代通用主機 sp2s 電子煙主機 - 蝶羽藍綠,1,1,999,0,bullet
variation,bullet-009,SP2S 一代通用主機 sp2s 電子煙主機 - 碧波粉綠,1,1,999,0,bullet
variation,bullet-010,SP2S 一代通用主機 sp2s 電子煙主機 - 無極白,1,1,999,0,bullet
variation,bullet-011,SP2S 一代通用主機 sp2s 電子煙主機 - 漸變藍灰,1,1,999,0,bullet
variation,bullet-012,SP2S 一代通用主機 sp2s 電子煙主機 - 炫影紫紅,1,1,999,0,bullet
variation,bullet-013,SP2S 一代通用主機 sp2s 電子煙主機 - 淡雅銀白,1,1,999,0,bullet
variation,bullet-014,SP2S 一代通用主機 sp2s 電子煙主機 - 星悅湖藍,1,1,999,0,bullet
variation,bullet-015,SP2S 一代通用主機 sp2s 電子煙主機 - 啞光紅,1,1,999,0,bullet
variation,bullet-016,SP2S 一代通用主機 sp2s 電子煙主機 - 媚海藍,1,1,999,0,bullet
variable,pro,SP2S Pro 二代旗艦霧化主機 智慧感應 · LED 炫彩,1,1,999,0,
variation,pro-001,SP2S Pro 二代旗艦霧化主機 智慧感應 · LED 炫彩 - 海棠粉,1,1,999,0,pro
variation,pro-002,SP2S Pro 二代旗艦霧化主機 智慧感應 · LED 炫彩 - 忍者白,1,1,999,0,pro
variation,pro-003,SP2S Pro 二代旗艦霧化主機 智慧感應 · LED 炫彩 - 森翠綠,1,1,999,0,pro
variation,pro-004,SP2S Pro 二代旗艦霧化主機 智慧感應 · LED 炫彩 - 霧藍,1,1,999,0,pro
variation,pro-005,SP2S Pro 二代旗艦霧化主機 智慧感應 · LED 炫彩 - 金粉,1,1,999,0,pro
variation,pro-006,SP2S Pro 二代旗艦霧化主機 智慧感應 · LED 炫彩 - 紫色,1,1,999,0,pro
variation,pro-007,SP2S Pro 二代旗艦霧化主機 智慧感應 · LED 炫彩 - 星空藍,1,1,999,0,pro
variation,pro-008,SP2S Pro 二代旗艦霧化主機 智慧感應 · LED 炫彩 - 黑武士,1,1,999,0,pro
variable,atomizer,原子棒一代通配主機 可調功率 · 曲線輸出,1,1,999,0,
variation,atomizer-001,原子棒一代通配主機 可調功率 · 曲線輸出 - 綠色,1,1,999,0,atomizer
variation,atomizer-002,原子棒一代通配主機 可調功率 · 曲線輸出 - 黑色,1,1,999,0,atomizer
variable,lanna,lana皮革主機一代通配 多種配色可選,1,1,999,0,
variation,lanna-001,lana皮革主機一代通配 多種配色可選 - 烈焰黑,1,1,999,0,lanna
variation,lanna-002,lana皮革主機一代通配 多種配色可選 - 幻彩象,1,1,999,0,lanna
variation,lanna-003,lana皮革主機一代通配 多種配色可選 - 香檳金,1,1,999,0,lanna
variation,lanna-004,lana皮革主機一代通配 多種配色可選 - 軍綠色,1,1,999,0,lanna
variation,lanna-005,lana皮革主機一代通配 多種配色可選 - 炫彩粉,1,1,999,0,lanna
variation,lanna-006,lana皮革主機一代通配 多種配色可選 - 炫正紅,1,1,999,0,lanna
variation,lanna-007,lana皮革主機一代通配 多種配色可選 - 粉白色,1,1,999,0,lanna
variation,lanna-008,lana皮革主機一代通配 多種配色可選 - 粉藍色,1,1,999,0,lanna
variation,lanna-009,lana皮革主機一代通配 多種配色可選 - 粉灰色,1,1,999,0,lanna
variation,lanna-010,lana皮革主機一代通配 多種配色可選 - 粉杏色,1,1,999,0,lanna
variation,lanna-011,lana皮革主機一代通配 多種配色可選 - 粉綠色,1,1,999,0,lanna
variation,lanna-012,lana皮革主機一代通配 多種配色可選 - 台灣橙,1,1,999,0,lanna
variation,lanna-013,lana皮革主機一代通配 多種配色可選 - 玫瑰紫,1,1,999,0,lanna
variable,diya,DIYA 叮啞霧化桿：2.5ML 大容量兼容／一代通用,1,1,999,0,
variation,diya-001,DIYA 叮啞霧化桿：2.5ML 大容量兼容／一代通用 - 光影藍綠,1,1,999,0,diya
variation,diya-002,DIYA 叮啞霧化桿：2.5ML 大容量兼容／一代通用 - 少女粉,1,1,999,0,diya
variation,diya-003,DIYA 叮啞霧化桿：2.5ML 大容量兼容／一代通用 - 情迷藍,1,1,999,0,diya
variation,diya-004,DIYA 叮啞霧化桿：2.5ML 大容量兼容／一代通用 - 皓月白,1,1,999,0,diya
variation,diya-005,DIYA 叮啞霧化桿：2.5ML 大容量兼容／一代通用 - 紳士黑,1,1,999,0,diya
variable,sp2s-gen1-pods,SP2S 一代通用煙彈,1,1,999,0,
variation,sp2s-gen1-pods-001,SP2S 一代通用煙彈 - 標準款,1,1,999,0,sp2s-gen1-pods
variable,lana-pods,lana煙彈 3 顆裝（一代通配主機）,1,1,999,0,
variation,lana-pods-001,lana煙彈 3 顆裝（一代通配主機） - 深海冰泉,1,1,999,0,lana-pods
variation,lana-pods-002,lana煙彈 3 顆裝（一代通配主機） - 雪碧,1,1,999,0,lana-pods
variation,lana-pods-003,lana煙彈 3 顆裝（一代通配主機） - 老冰棍,1,1,999,0,lana-pods
variation,lana-pods-004,lana煙彈 3 顆裝（一代通配主機） - 可樂,1,1,999,0,lana-pods
variation,lana-pods-005,lana煙彈 3 顆裝（一代通配主機） - 沙士,1,1,999,0,lana-pods
variation,lana-pods-006,lana煙彈 3 顆裝（一代通配主機） - 百香果,1,1,999,0,lana-pods
variation,lana-pods-007,lana煙彈 3 顆裝（一代通配主機） - 葡萄,1,1,999,0,lana-pods
variation,lana-pods-008,lana煙彈 3 顆裝（一代通配主機） - 水蜜桃,1,1,999,0,lana-pods
variation,lana-pods-009,lana煙彈 3 顆裝（一代通配主機） - 草莓西瓜,1,1,999,0,lana-pods
variation,lana-pods-010,lana煙彈 3 顆裝（一代通配主機） - 藍莓,1,1,999,0,lana-pods
variation,lana-pods-011,lana煙彈 3 顆裝（一代通配主機） - 芒果百香,1,1,999,0,lana-pods
variation,lana-pods-012,lana煙彈 3 顆裝（一代通配主機） - 奇異果,1,1,999,0,lana-pods
variation,lana-pods-013,lana煙彈 3 顆裝（一代通配主機） - 鳳梨,1,1,999,0,lana-pods
variation,lana-pods-014,lana煙彈 3 顆裝（一代通配主機） - 西瓜,1,1,999,0,lana-pods
variation,lana-pods-015,lana煙彈 3 顆裝（一代通配主機） - 莓果,1,1,999,0,lana-pods
variation,lana-pods-016,lana煙彈 3 顆裝（一代通配主機） - 蔓越莓,1,1,999,0,lana-pods
variation,lana-pods-017,lana煙彈 3 顆裝（一代通配主機） - 荔枝,1,1,999,0,lana-pods
variation,lana-pods-018,lana煙彈 3 顆裝（一代通配主機） - 葡萄柚,1,1,999,0,lana-pods
variation,lana-pods-019,lana煙彈 3 顆裝（一代通配主機） - 哈密瓜,1,1,999,0,lana-pods
variation,lana-pods-020,lana煙彈 3 顆裝（一代通配主機） - 芭樂,1,1,999,0,lana-pods
variation,lana-pods-021,lana煙彈 3 顆裝（一代通配主機） - 綜合水果,1,1,999,0,lana-pods
variation,lana-pods-022,lana煙彈 3 顆裝（一代通配主機） - 蘋果,1,1,999,0,lana-pods
variation,lana-pods-023,lana煙彈 3 顆裝（一代通配主機） - 烏龍茶,1,1,999,0,lana-pods
variation,lana-pods-024,lana煙彈 3 顆裝（一代通配主機） - 紅茶,1,1,999,0,lana-pods
variation,lana-pods-025,lana煙彈 3 顆裝（一代通配主機） - 龍井,1,1,999,0,lana-pods
variation,lana-pods-026,lana煙彈 3 顆裝（一代通配主機） - 鐵觀音,1,1,999,0,lana-pods
variation,lana-pods-027,lana煙彈 3 顆裝（一代通配主機） - 草莓牛奶,1,1,999,0,lana-pods
variation,lana-pods-028,lana煙彈 3 顆裝（一代通配主機） - 芒奶,1,1,999,0,lana-pods
variation,lana-pods-029,lana煙彈 3 顆裝（一代通配主機） - 芋頭,1,1,999,0,lana-pods
variation,lana-pods-030,lana煙彈 3 顆裝（一代通配主機） - 紅酒,1,1,999,0,lana-pods
variation,lana-pods-031,lana煙彈 3 顆裝（一代通配主機） - 口香糖,1,1,999,0,lana-pods
variation,lana-pods-032,lana煙彈 3 顆裝（一代通配主機） - 綠豆,1,1,999,0,lana-pods
variation,lana-pods-033,lana煙彈 3 顆裝（一代通配主機） - 彩虹糖,1,1,999,0,lana-pods
variation,lana-pods-034,lana煙彈 3 顆裝（一代通配主機） - 咖啡,1,1,999,0,lana-pods
variation,lana-pods-035,lana煙彈 3 顆裝（一代通配主機） - 橙冰,1,1,999,0,lana-pods
variable,diya-pods,DIYA 叮啞電子煙彈一盒三入 通用一代主機,1,1,999,0,
variation,diya-pods-001,DIYA 叮啞電子煙彈一盒三入 通用一代主機 - 白玉山竹,1,1,999,0,diya-pods
variation,diya-pods-002,DIYA 叮啞電子煙彈一盒三入 通用一代主機 - 冬瓜,1,1,999,0,diya-pods
variation,diya-pods-003,DIYA 叮啞電子煙彈一盒三入 通用一代主機 - 雪碧,1,1,999,0,diya-pods
variation,diya-pods-004,DIYA 叮啞電子煙彈一盒三入 通用一代主機 - 鐵觀音,1,1,999,0,diya-pods
variation,diya-pods-005,DIYA 叮啞電子煙彈一盒三入 通用一代主機 - 芭樂,1,1,999,0,diya-pods
variation,diya-pods-006,DIYA 叮啞電子煙彈一盒三入 通用一代主機 - 冰冰爆爆,1,1,999,0,diya-pods
variation,diya-pods-007,DIYA 叮啞電子煙彈一盒三入 通用一代主機 - 荔枝薄荷,1,1,999,0,diya-pods
variation,diya-pods-008,DIYA 叮啞電子煙彈一盒三入 通用一代主機 - 百香果,1,1,999,0,diya-pods
variation,diya-pods-009,DIYA 叮啞電子煙彈一盒三入 通用一代主機 - 西瓜,1,1,999,0,diya-pods
variation,diya-pods-010,DIYA 叮啞電子煙彈一盒三入 通用一代主機 - 藍莓,1,1,999,0,diya-pods
variation,diya-pods-011,DIYA 叮啞電子煙彈一盒三入 通用一代主機 - 蜜桃,1,1,999,0,diya-pods
variation,diya-pods-012,DIYA 叮啞電子煙彈一盒三入 通用一代主機 - 麝香葡萄,1,1,999,0,diya-pods
variation,diya-pods-013,DIYA 叮啞電子煙彈一盒三入 通用一代主機 - 哈密瓜,1,1,999,0,diya-pods
variation,diya-pods-014,DIYA 叮啞電子煙彈一盒三入 通用一代主機 - 檸檬海鹽,1,1,999,0,diya-pods
variation,diya-pods-015,DIYA 叮啞電子煙彈一盒三入 通用一代主機 - 冰棍,1,1,999,0,diya-pods
variation,diya-pods-016,DIYA 叮啞電子煙彈一盒三入 通用一代主機 - 蜂蜜柚子芒果,1,1,999,0,diya-pods
variation,diya-pods-017,DIYA 叮啞電子煙彈一盒三入 通用一代主機 - 養樂多,1,1,999,0,diya-pods
variation,diya-pods-018,DIYA 叮啞電子煙彈一盒三入 通用一代主機 - 可樂,1,1,999,0,diya-pods
variation,diya-pods-019,DIYA 叮啞電子煙彈一盒三入 通用一代主機 - 薔薇布林,1,1,999,0,diya-pods
variation,diya-pods-020,DIYA 叮啞電子煙彈一盒三入 通用一代主機 - 櫻桃,1,1,999,0,diya-pods
variation,diya-pods-021,DIYA 叮啞電子煙彈一盒三入 通用一代主機 - 草莓西瓜,1,1,999,0,diya-pods
variation,diya-pods-022,DIYA 叮啞電子煙彈一盒三入 通用一代主機 - 冰清玉露,1,1,999,0,diya-pods
variation,diya-pods-023,DIYA 叮啞電子煙彈一盒三入 通用一代主機 - 玫瑰茉莉,1,1,999,0,diya-pods
variation,diya-pods-024,DIYA 叮啞電子煙彈一盒三入 通用一代主機 - 葡萄,1,1,999,0,diya-pods
variable,vstorm-gen5-pods,Vapor Storm 風暴五代煙彈（五代主機通用）,1,1,999,0,
variation,vstorm-gen5-pods-001,Vapor Storm 風暴五代煙彈（五代主機通用） - 芒果,1,1,999,0,vstorm-gen5-pods
variation,vstorm-gen5-pods-002,Vapor Storm 風暴五代煙彈（五代主機通用） - 荔枝,1,1,999,0,vstorm-gen5-pods
variation,vstorm-gen5-pods-003,Vapor Storm 風暴五代煙彈（五代主機通用） - 桃子,1,1,999,0,vstorm-gen5-pods
variation,vstorm-gen5-pods-004,Vapor Storm 風暴五代煙彈（五代主機通用） - 青蘋果,1,1,999,0,vstorm-gen5-pods
variation,vstorm-gen5-pods-005,Vapor Storm 風暴五代煙彈（五代主機通用） - 百香果,1,1,999,0,vstorm-gen5-pods
variation,vstorm-gen5-pods-006,Vapor Storm 風暴五代煙彈（五代主機通用） - 鳳梨,1,1,999,0,vstorm-gen5-pods
variation,vstorm-gen5-pods-007,Vapor Storm 風暴五代煙彈（五代主機通用） - 西瓜,1,1,999,0,vstorm-gen5-pods
variation,vstorm-gen5-pods-008,Vapor Storm 風暴五代煙彈（五代主機通用） - 藍莓,1,1,999,0,vstorm-gen5-pods
variation,vstorm-gen5-pods-009,Vapor Storm 風暴五代煙彈（五代主機通用） - 利賓納（黑加侖）,1,1,999,0,vstorm-gen5-pods
variation,vstorm-gen5-pods-010,Vapor Storm 風暴五代煙彈（五代主機通用） - 可樂,1,1,999,0,vstorm-gen5-pods
variation,vstorm-gen5-pods-011,Vapor Storm 風暴五代煙彈（五代主機通用） - 芋泥,1,1,999,0,vstorm-gen5-pods
variation,vstorm-gen5-pods-012,Vapor Storm 風暴五代煙彈（五代主機通用） - 蜜柚,1,1,999,0,vstorm-gen5-pods
variation,vstorm-gen5-pods-013,Vapor Storm 風暴五代煙彈（五代主機通用） - 咖啡（呐啡）,1,1,999,0,vstorm-gen5-pods
variation,vstorm-gen5-pods-014,Vapor Storm 風暴五代煙彈（五代主機通用） - 薄荷,1,1,999,0,vstorm-gen5-pods
variation,vstorm-gen5-pods-015,Vapor Storm 風暴五代煙彈（五代主機通用） - 冰泉花,1,1,999,0,vstorm-gen5-pods
variable,lana-e-liquid-30ml,拉娜 LANA 煙油小瓶裝（30ml）,1,1,999,0,
variation,lana-e-liquid-30ml-001,拉娜 LANA 煙油小瓶裝（30ml） - 鐵觀音,1,1,999,0,lana-e-liquid-30ml
variation,lana-e-liquid-30ml-002,拉娜 LANA 煙油小瓶裝（30ml） - 龍井,1,1,999,0,lana-e-liquid-30ml
variation,lana-e-liquid-30ml-003,拉娜 LANA 煙油小瓶裝（30ml） - 水蜜桃,1,1,999,0,lana-e-liquid-30ml
variation,lana-e-liquid-30ml-004,拉娜 LANA 煙油小瓶裝（30ml） - 海鹽鳳梨,1,1,999,0,lana-e-liquid-30ml
variation,lana-e-liquid-30ml-005,拉娜 LANA 煙油小瓶裝（30ml） - 荔枝,1,1,999,0,lana-e-liquid-30ml
variation,lana-e-liquid-30ml-006,拉娜 LANA 煙油小瓶裝（30ml） - 莓果,1,1,999,0,lana-e-liquid-30ml
variation,lana-e-liquid-30ml-007,拉娜 LANA 煙油小瓶裝（30ml） - 葡萄冰,1,1,999,0,lana-e-liquid-30ml
variation,lana-e-liquid-30ml-008,拉娜 LANA 煙油小瓶裝（30ml） - 藍莓,1,1,999,0,lana-e-liquid-30ml
variation,lana-e-liquid-30ml-009,拉娜 LANA 煙油小瓶裝（30ml） - 西瓜,1,1,999,0,lana-e-liquid-30ml
variation,lana-e-liquid-30ml-010,拉娜 LANA 煙油小瓶裝（30ml） - 青蘋果,1,1,999,0,lana-e-liquid-30ml
variation,lana-e-liquid-30ml-011,拉娜 LANA 煙油小瓶裝（30ml） - 芒果,1,1,999,0,lana-e-liquid-30ml
variation,lana-e-liquid-30ml-012,拉娜 LANA 煙油小瓶裝（30ml） - 百香果,1,1,999,0,lana-e-liquid-30ml
variation,lana-e-liquid-30ml-013,拉娜 LANA 煙油小瓶裝（30ml） - 可樂,1,1,999,0,lana-e-liquid-30ml
variation,lana-e-liquid-30ml-014,拉娜 LANA 煙油小瓶裝（30ml） - 寶礦力,1,1,999,0,lana-e-liquid-30ml
variation,lana-e-liquid-30ml-015,拉娜 LANA 煙油小瓶裝（30ml） - 南極冰泉,1,1,999,0,lana-e-liquid-30ml
variation,lana-e-liquid-30ml-016,拉娜 LANA 煙油小瓶裝（30ml） - 老冰棍,1,1,999,0,lana-e-liquid-30ml
variable,venus-host,VENUS金星主機可充電霧化電子煙主機（台灣現貨）,1,1,999,0,
variation,venus-host-001,VENUS金星主機可充電霧化電子煙主機（台灣現貨） - 花生曲奇,1,1,999,0,venus-host
variation,venus-host-002,VENUS金星主機可充電霧化電子煙主機（台灣現貨） - 焦糖花生,1,1,999,0,venus-host
variation,venus-host-003,VENUS金星主機可充電霧化電子煙主機（台灣現貨） - 芒果藍冰,1,1,999,0,venus-host
variation,venus-host-004,VENUS金星主機可充電霧化電子煙主機（台灣現貨） - 菠蘿汽水,1,1,999,0,venus-host
variation,venus-host-005,VENUS金星主機可充電霧化電子煙主機（台灣現貨） - 草莓,1,1,999,0,venus-host
variation,venus-host-006,VENUS金星主機可充電霧化電子煙主機（台灣現貨） - 西瓜,1,1,999,0,venus-host
variation,venus-host-007,VENUS金星主機可充電霧化電子煙主機（台灣現貨） - 桃子,1,1,999,0,venus-host
variation,venus-host-008,VENUS金星主機可充電霧化電子煙主機（台灣現貨） - 百香果,1,1,999,0,venus-host
variation,venus-host-009,VENUS金星主機可充電霧化電子煙主機（台灣現貨） - 葡萄,1,1,999,0,venus-host
variation,venus-host-010,VENUS金星主機可充電霧化電子煙主機（台灣現貨） - 櫻桃薄荷,1,1,999,0,venus-host
variable,mohoo-tokyo-box,TOKYO MOHOO BOX 東京魔盒煙彈（多種口味台灣現貨）,1,1,999,0,
variation,mohoo-tokyo-box-001,TOKYO MOHOO BOX 東京魔盒煙彈（多種口味台灣現貨） - 葡萄,1,1,999,0,mohoo-tokyo-box
variation,mohoo-tokyo-box-002,TOKYO MOHOO BOX 東京魔盒煙彈（多種口味台灣現貨） - 白葡萄,1,1,999,0,mohoo-tokyo-box
variation,mohoo-tokyo-box-003,TOKYO MOHOO BOX 東京魔盒煙彈（多種口味台灣現貨） - 百香果,1,1,999,0,mohoo-tokyo-box
variation,mohoo-tokyo-box-004,TOKYO MOHOO BOX 東京魔盒煙彈（多種口味台灣現貨） - 芭樂,1,1,999,0,mohoo-tokyo-box
variation,mohoo-tokyo-box-005,TOKYO MOHOO BOX 東京魔盒煙彈（多種口味台灣現貨） - 荔枝,1,1,999,0,mohoo-tokyo-box
variation,mohoo-tokyo-box-006,TOKYO MOHOO BOX 東京魔盒煙彈（多種口味台灣現貨） - 芒果,1,1,999,0,mohoo-tokyo-box
variation,mohoo-tokyo-box-007,TOKYO MOHOO BOX 東京魔盒煙彈（多種口味台灣現貨） - 藍莓,1,1,999,0,mohoo-tokyo-box
variation,mohoo-tokyo-box-008,TOKYO MOHOO BOX 東京魔盒煙彈（多種口味台灣現貨） - 蜜桃,1,1,999,0,mohoo-tokyo-box
variation,mohoo-tokyo-box-009,TOKYO MOHOO BOX 東京魔盒煙彈（多種口味台灣現貨） - 蘋果,1,1,999,0,mohoo-tokyo-box
variation,mohoo-tokyo-box-010,TOKYO MOHOO BOX 東京魔盒煙彈（多種口味台灣現貨） - 哈密瓜,1,1,999,0,mohoo-tokyo-box
variation,mohoo-tokyo-box-011,TOKYO MOHOO BOX 東京魔盒煙彈（多種口味台灣現貨） - 西瓜,1,1,999,0,mohoo-tokyo-box
variation,mohoo-tokyo-box-012,TOKYO MOHOO BOX 東京魔盒煙彈（多種口味台灣現貨） - 可樂,1,1,999,0,mohoo-tokyo-box
variation,mohoo-tokyo-box-013,TOKYO MOHOO BOX 東京魔盒煙彈（多種口味台灣現貨） - 老冰棍,1,1,999,0,mohoo-tokyo-box
variation,mohoo-tokyo-box-014,TOKYO MOHOO BOX 東京魔盒煙彈（多種口味台灣現貨） - 能井,1,1,999,0,mohoo-tokyo-box
variation,mohoo-tokyo-box-015,TOKYO MOHOO BOX 東京魔盒煙彈（多種口味台灣現貨） - 礦泉水,1,1,999,0,mohoo-tokyo-box
variation,mohoo-tokyo-box-016,TOKYO MOHOO BOX 東京魔盒煙彈（多種口味台灣現貨） - 養樂多,1,1,999,0,mohoo-tokyo-box
variation,mohoo-tokyo-box-017,TOKYO MOHOO BOX 東京魔盒煙彈（多種口味台灣現貨） - 紅牛,1,1,999,0,mohoo-tokyo-box
variation,mohoo-tokyo-box-018,TOKYO MOHOO BOX 東京魔盒煙彈（多種口味台灣現貨） - 綠豆,1,1,999,0,mohoo-tokyo-box
variation,mohoo-tokyo-box-019,TOKYO MOHOO BOX 東京魔盒煙彈（多種口味台灣現貨） - 沙士,1,1,999,0,mohoo-tokyo-box
variation,mohoo-tokyo-box-020,TOKYO MOHOO BOX 東京魔盒煙彈（多種口味台灣現貨） - 雪碧,1,1,999,0,mohoo-tokyo-box
variation,mohoo-tokyo-box-021,TOKYO MOHOO BOX 東京魔盒煙彈（多種口味台灣現貨） - 草莓巧克力,1,1,999,0,mohoo-tokyo-box
variation,mohoo-tokyo-box-022,TOKYO MOHOO BOX 東京魔盒煙彈（多種口味台灣現貨） - 鐵觀音,1,1,999,0,mohoo-tokyo-box
variation,mohoo-tokyo-box-023,TOKYO MOHOO BOX 東京魔盒煙彈（多種口味台灣現貨） - 寶桃烏龍,1,1,999,0,mohoo-tokyo-box
variation,mohoo-tokyo-box-024,TOKYO MOHOO BOX 東京魔盒煙彈（多種口味台灣現貨） - 烏龍,1,1,999,0,mohoo-tokyo-box
variation,mohoo-tokyo-box-025,TOKYO MOHOO BOX 東京魔盒煙彈（多種口味台灣現貨） - 檸檬茉莉,1,1,999,0,mohoo-tokyo-box
variation,mohoo-tokyo-box-026,TOKYO MOHOO BOX 東京魔盒煙彈（多種口味台灣現貨） - 柳橙綠茶（極冰）,1,1,999,0,mohoo-tokyo-box
variation,mohoo-tokyo-box-027,TOKYO MOHOO BOX 東京魔盒煙彈（多種口味台灣現貨） - 西瓜蜜桃芒果,1,1,999,0,mohoo-tokyo-box
variation,mohoo-tokyo-box-028,TOKYO MOHOO BOX 東京魔盒煙彈（多種口味台灣現貨） - 芒果火龍果,1,1,999,0,mohoo-tokyo-box
variation,mohoo-tokyo-box-029,TOKYO MOHOO BOX 東京魔盒煙彈（多種口味台灣現貨） - 西柚葡萄柚,1,1,999,0,mohoo-tokyo-box
variation,mohoo-tokyo-box-030,TOKYO MOHOO BOX 東京魔盒煙彈（多種口味台灣現貨） - 檸檬海鹽,1,1,999,0,mohoo-tokyo-box
variation,mohoo-tokyo-box-031,TOKYO MOHOO BOX 東京魔盒煙彈（多種口味台灣現貨） - 無涼草莓,1,1,999,0,mohoo-tokyo-box
variation,mohoo-tokyo-box-032,TOKYO MOHOO BOX 東京魔盒煙彈（多種口味台灣現貨） - 無涼古巴雪茄,1,1,999,0,mohoo-tokyo-box
variation,mohoo-tokyo-box-033,TOKYO MOHOO BOX 東京魔盒煙彈（多種口味台灣現貨） - 無涼菸草,1,1,999,0,mohoo-tokyo-box
variation,mohoo-tokyo-box-034,TOKYO MOHOO BOX 東京魔盒煙彈（多種口味台灣現貨） - 無涼百香果,1,1,999,0,mohoo-tokyo-box
variation,mohoo-tokyo-box-035,TOKYO MOHOO BOX 東京魔盒煙彈（多種口味台灣現貨） - 無涼芭樂,1,1,999,0,mohoo-tokyo-box
variation,mohoo-tokyo-box-036,TOKYO MOHOO BOX 東京魔盒煙彈（多種口味台灣現貨） - 無涼葡萄,1,1,999,0,mohoo-tokyo-box
variation,mohoo-tokyo-box-037,TOKYO MOHOO BOX 東京魔盒煙彈（多種口味台灣現貨） - 極冰檸檬優格冰沙,1,1,999,0,mohoo-tokyo-box
variation,mohoo-tokyo-box-038,TOKYO MOHOO BOX 東京魔盒煙彈（多種口味台灣現貨） - 極冰紅標沙士糖,1,1,999,0,mohoo-tokyo-box
variation,mohoo-tokyo-box-039,TOKYO MOHOO BOX 東京魔盒煙彈（多種口味台灣現貨） - 極冰貴妃葡萄,1,1,999,0,mohoo-tokyo-box
variation,mohoo-tokyo-box-040,TOKYO MOHOO BOX 東京魔盒煙彈（多種口味台灣現貨） - 極冰柳橙綠茶,1,1,999,0,mohoo-tokyo-box
variation,mohoo-tokyo-box-041,TOKYO MOHOO BOX 東京魔盒煙彈（多種口味台灣現貨） - 極冰草莓優格冰沙,1,1,999,0,mohoo-tokyo-box
variation,mohoo-tokyo-box-042,TOKYO MOHOO BOX 東京魔盒煙彈（多種口味台灣現貨） - 竟礦力,1,1,999,0,mohoo-tokyo-box
variation,mohoo-tokyo-box-043,TOKYO MOHOO BOX 東京魔盒煙彈（多種口味台灣現貨） - 薄荷,1,1,999,0,mohoo-tokyo-box
variable,jupiter-6500-set,JUPITER 木星套裝 6500 口（換彈拋棄式電子煙，台灣現貨）,1,1,999,0,
variation,jupiter-6500-set-001,JUPITER 木星套裝 6500 口（換彈拋棄式電子煙，台灣現貨） - 菸草套裝,1,1,999,0,jupiter-6500-set
variation,jupiter-6500-set-002,JUPITER 木星套裝 6500 口（換彈拋棄式電子煙，台灣現貨） - 芋頭套裝,1,1,999,0,jupiter-6500-set
variation,jupiter-6500-set-003,JUPITER 木星套裝 6500 口（換彈拋棄式電子煙，台灣現貨） - 咖啡套裝,1,1,999,0,jupiter-6500-set
variation,jupiter-6500-set-004,JUPITER 木星套裝 6500 口（換彈拋棄式電子煙，台灣現貨） - 蘋果套裝,1,1,999,0,jupiter-6500-set
variation,jupiter-6500-set-005,JUPITER 木星套裝 6500 口（換彈拋棄式電子煙，台灣現貨） - 楊梅套裝,1,1,999,0,jupiter-6500-set
variable,vapor-storm-5000,VAPOR STORM 風暴 5000 口拋棄式飛霧發光一次性電子煙桿,1,1,999,0,
variation,vapor-storm-5000-001,VAPOR STORM 風暴 5000 口拋棄式飛霧發光一次性電子煙桿 - 荔枝,1,1,999,0,vapor-storm-5000
variation,vapor-storm-5000-002,VAPOR STORM 風暴 5000 口拋棄式飛霧發光一次性電子煙桿 - 鳳梨,1,1,999,0,vapor-storm-5000
variation,vapor-storm-5000-003,VAPOR STORM 風暴 5000 口拋棄式飛霧發光一次性電子煙桿 - 芒果,1,1,999,0,vapor-storm-5000
variation,vapor-storm-5000-004,VAPOR STORM 風暴 5000 口拋棄式飛霧發光一次性電子煙桿 - 葡萄,1,1,999,0,vapor-storm-5000
variation,vapor-storm-5000-005,VAPOR STORM 風暴 5000 口拋棄式飛霧發光一次性電子煙桿 - 西瓜,1,1,999,0,vapor-storm-5000
variation,vapor-storm-5000-006,VAPOR STORM 風暴 5000 口拋棄式飛霧發光一次性電子煙桿 - 青蘋果,1,1,999,0,vapor-storm-5000
variation,vapor-storm-5000-007,VAPOR STORM 風暴 5000 口拋棄式飛霧發光一次性電子煙桿 - 桃子,1,1,999,0,vapor-storm-5000
variation,vapor-storm-5000-008,VAPOR STORM 風暴 5000 口拋棄式飛霧發光一次性電子煙桿 - 茉莉花茶,1,1,999,0,vapor-storm-5000
variation,vapor-storm-5000-009,VAPOR STORM 風暴 5000 口拋棄式飛霧發光一次性電子煙桿 - 鐵觀音,1,1,999,0,vapor-storm-5000
variation,vapor-storm-5000-010,VAPOR STORM 風暴 5000 口拋棄式飛霧發光一次性電子煙桿 - 龍井茶,1,1,999,0,vapor-storm-5000
variation,vapor-storm-5000-011,VAPOR STORM 風暴 5000 口拋棄式飛霧發光一次性電子煙桿 - 能井,1,1,999,0,vapor-storm-5000
variation,vapor-storm-5000-012,VAPOR STORM 風暴 5000 口拋棄式飛霧發光一次性電子煙桿 - 蜂蜜葡萄柚,1,1,999,0,vapor-storm-5000
variation,vapor-storm-5000-013,VAPOR STORM 風暴 5000 口拋棄式飛霧發光一次性電子煙桿 - 可樂,1,1,999,0,vapor-storm-5000
variation,vapor-storm-5000-014,VAPOR STORM 風暴 5000 口拋棄式飛霧發光一次性電子煙桿 - 咖啡,1,1,999,0,vapor-storm-5000
variation,vapor-storm-5000-015,VAPOR STORM 風暴 5000 口拋棄式飛霧發光一次性電子煙桿 - 薄荷,1,1,999,0,vapor-storm-5000
variation,vapor-storm-5000-016,VAPOR STORM 風暴 5000 口拋棄式飛霧發光一次性電子煙桿 - 冰泉,1,1,999,0,vapor-storm-5000
variable,hebat-gen6,HEBAT 喜貝六代 10000 口拋棄式一次性電子煙（15ml 台灣現貨）,1,1,999,0,
variation,hebat-gen6-001,HEBAT 喜貝六代 10000 口拋棄式一次性電子煙（15ml 台灣現貨） - 氣泡酒,1,1,999,0,hebat-gen6
variation,hebat-gen6-002,HEBAT 喜貝六代 10000 口拋棄式一次性電子煙（15ml 台灣現貨） - 能井,1,1,999,0,hebat-gen6
variation,hebat-gen6-003,HEBAT 喜貝六代 10000 口拋棄式一次性電子煙（15ml 台灣現貨） - 雪碧,1,1,999,0,hebat-gen6
variation,hebat-gen6-004,HEBAT 喜貝六代 10000 口拋棄式一次性電子煙（15ml 台灣現貨） - 芬達,1,1,999,0,hebat-gen6
variation,hebat-gen6-005,HEBAT 喜貝六代 10000 口拋棄式一次性電子煙（15ml 台灣現貨） - 養樂多,1,1,999,0,hebat-gen6
variation,hebat-gen6-006,HEBAT 喜貝六代 10000 口拋棄式一次性電子煙（15ml 台灣現貨） - 可樂,1,1,999,0,hebat-gen6
variation,hebat-gen6-007,HEBAT 喜貝六代 10000 口拋棄式一次性電子煙（15ml 台灣現貨） - 咖啡,1,1,999,0,hebat-gen6
variation,hebat-gen6-008,HEBAT 喜貝六代 10000 口拋棄式一次性電子煙（15ml 台灣現貨） - 檸檬水,1,1,999,0,hebat-gen6
variation,hebat-gen6-009,HEBAT 喜貝六代 10000 口拋棄式一次性電子煙（15ml 台灣現貨） - 白葡萄,1,1,999,0,hebat-gen6
variation,hebat-gen6-010,HEBAT 喜貝六代 10000 口拋棄式一次性電子煙（15ml 台灣現貨） - 芒果哈密瓜,1,1,999,0,hebat-gen6
variation,hebat-gen6-011,HEBAT 喜貝六代 10000 口拋棄式一次性電子煙（15ml 台灣現貨） - 西瓜,1,1,999,0,hebat-gen6
variation,hebat-gen6-012,HEBAT 喜貝六代 10000 口拋棄式一次性電子煙（15ml 台灣現貨） - 蜜桃,1,1,999,0,hebat-gen6
variation,hebat-gen6-013,HEBAT 喜貝六代 10000 口拋棄式一次性電子煙（15ml 台灣現貨） - 草莓,1,1,999,0,hebat-gen6
variation,hebat-gen6-014,HEBAT 喜貝六代 10000 口拋棄式一次性電子煙（15ml 台灣現貨） - 百香果,1,1,999,0,hebat-gen6
variation,hebat-gen6-015,HEBAT 喜貝六代 10000 口拋棄式一次性電子煙（15ml 台灣現貨） - 葡萄,1,1,999,0,hebat-gen6
variation,hebat-gen6-016,HEBAT 喜貝六代 10000 口拋棄式一次性電子煙（15ml 台灣現貨） - 荔枝,1,1,999,0,hebat-gen6
variation,hebat-gen6-017,HEBAT 喜貝六代 10000 口拋棄式一次性電子煙（15ml 台灣現貨） - 藍莓,1,1,999,0,hebat-gen6
variation,hebat-gen6-018,HEBAT 喜貝六代 10000 口拋棄式一次性電子煙（15ml 台灣現貨） - 鐵觀音,1,1,999,0,hebat-gen6
variation,hebat-gen6-019,HEBAT 喜貝六代 10000 口拋棄式一次性電子煙（15ml 台灣現貨） - 冰泉,1,1,999,0,hebat-gen6
variation,hebat-gen6-020,HEBAT 喜貝六代 10000 口拋棄式一次性電子煙（15ml 台灣現貨） - 薄荷,1,1,999,0,hebat-gen6
variable,diya-7500,DIYA 叮啞拋棄式 7500 口大容量可充電一次性電子煙,1,1,999,0,
variation,diya-7500-001,DIYA 叮啞拋棄式 7500 口大容量可充電一次性電子煙 - 冬瓜冷露,1,1,999,0,diya-7500
variation,diya-7500-002,DIYA 叮啞拋棄式 7500 口大容量可充電一次性電子煙 - 雪碧,1,1,999,0,diya-7500
variation,diya-7500-003,DIYA 叮啞拋棄式 7500 口大容量可充電一次性電子煙 - 養樂多,1,1,999,0,diya-7500
variation,diya-7500-004,DIYA 叮啞拋棄式 7500 口大容量可充電一次性電子煙 - 可口可樂,1,1,999,0,diya-7500
variation,diya-7500-005,DIYA 叮啞拋棄式 7500 口大容量可充電一次性電子煙 - 夏日酷飲（檸檬海鹽）,1,1,999,0,diya-7500
variation,diya-7500-006,DIYA 叮啞拋棄式 7500 口大容量可充電一次性電子煙 - 白玉山竹,1,1,999,0,diya-7500
variation,diya-7500-007,DIYA 叮啞拋棄式 7500 口大容量可充電一次性電子煙 - 芭樂,1,1,999,0,diya-7500
variation,diya-7500-008,DIYA 叮啞拋棄式 7500 口大容量可充電一次性電子煙 - 荔枝,1,1,999,0,diya-7500
variation,diya-7500-009,DIYA 叮啞拋棄式 7500 口大容量可充電一次性電子煙 - 百香果,1,1,999,0,diya-7500
variation,diya-7500-010,DIYA 叮啞拋棄式 7500 口大容量可充電一次性電子煙 - 西瓜,1,1,999,0,diya-7500
variation,diya-7500-011,DIYA 叮啞拋棄式 7500 口大容量可充電一次性電子煙 - 藍莓,1,1,999,0,diya-7500
variation,diya-7500-012,DIYA 叮啞拋棄式 7500 口大容量可充電一次性電子煙 - 葡萄,1,1,999,0,diya-7500
variation,diya-7500-013,DIYA 叮啞拋棄式 7500 口大容量可充電一次性電子煙 - 哈密瓜,1,1,999,0,diya-7500
variation,diya-7500-014,DIYA 叮啞拋棄式 7500 口大容量可充電一次性電子煙 - 芒果,1,1,999,0,diya-7500
variation,diya-7500-015,DIYA 叮啞拋棄式 7500 口大容量可充電一次性電子煙 - 櫻桃,1,1,999,0,diya-7500
variation,diya-7500-016,DIYA 叮啞拋棄式 7500 口大容量可充電一次性電子煙 - 草莓西瓜,1,1,999,0,diya-7500
variation,diya-7500-017,DIYA 叮啞拋棄式 7500 口大容量可充電一次性電子煙 - 薔薇布林（首薇布林）,1,1,999,0,diya-7500
variation,diya-7500-018,DIYA 叮啞拋棄式 7500 口大容量可充電一次性電子煙 - 鐵觀音,1,1,999,0,diya-7500
variation,diya-7500-019,DIYA 叮啞拋棄式 7500 口大容量可充電一次性電子煙 - 神仙薄荷,1,1,999,0,diya-7500
variation,diya-7500-020,DIYA 叮啞拋棄式 7500 口大容量可充電一次性電子煙 - 玫瑰茉莉,1,1,999,0,diya-7500
variation,diya-7500-021,DIYA 叮啞拋棄式 7500 口大容量可充電一次性電子煙 - 冰清玉露,1,1,999,0,diya-7500
variation,diya-7500-022,DIYA 叮啞拋棄式 7500 口大容量可充電一次性電子煙 - 童年冰棍,1,1,999,0,diya-7500
variation,diya-7500-023,DIYA 叮啞拋棄式 7500 口大容量可充電一次性電子煙 - 冰冰爆爆,1,1,999,0,diya-7500
variable,sp2s-silicone-sleeve,電子煙配件 思博瑞 SP2S 主機矽膠保護套（多色可選）,1,1,999,0,
variation,sp2s-silicone-sleeve-001,電子煙配件 思博瑞 SP2S 主機矽膠保護套（多色可選） - 黑色,1,1,999,0,sp2s-silicone-sleeve
variation,sp2s-silicone-sleeve-002,電子煙配件 思博瑞 SP2S 主機矽膠保護套（多色可選） - 白色,1,1,999,0,sp2s-silicone-sleeve
variation,sp2s-silicone-sleeve-003,電子煙配件 思博瑞 SP2S 主機矽膠保護套（多色可選） - 粉紅,1,1,999,0,sp2s-silicone-sleeve
variation,sp2s-silicone-sleeve-004,電子煙配件 思博瑞 SP2S 主機矽膠保護套（多色可選） - 深藍,1,1,999,0,sp2s-silicone-sleeve
variation,sp2s-silicone-sleeve-005,電子煙配件 思博瑞 SP2S 主機矽膠保護套（多色可選） - 水藍,1,1,999,0,sp2s-silicone-sleeve
variation,sp2s-silicone-sleeve-006,電子煙配件 思博瑞 SP2S 主機矽膠保護套（多色可選） - 紅色,1,1,999,0,sp2s-silicone-sleeve
variation,sp2s-silicone-sleeve-007,電子煙配件 思博瑞 SP2S 主機矽膠保護套（多色可選） - 黃色,1,1,999,0,sp2s-silicone-sleeve
variation,sp2s-silicone-sleeve-008,電子煙配件 思博瑞 SP2S 主機矽膠保護套（多色可選） - 乳牛紋,1,1,999,0,sp2s-silicone-sleeve
variation,sp2s-silicone-sleeve-009,電子煙配件 思博瑞 SP2S 主機矽膠保護套（多色可選） - 彩色,1,1,999,0,sp2s-silicone-sleeve
variation,sp2s-silicone-sleeve-010,電子煙配件 思博瑞 SP2S 主機矽膠保護套（多色可選） - 海王星掛繩 · 藍,1,1,999,0,sp2s-silicone-sleeve
variation,sp2s-silicone-sleeve-011,電子煙配件 思博瑞 SP2S 主機矽膠保護套（多色可選） - 海王星掛繩 · 紅,1,1,999,0,sp2s-silicone-sleeve
variation,sp2s-silicone-sleeve-012,電子煙配件 思博瑞 SP2S 主機矽膠保護套（多色可選） - 海王星掛繩 · 紫,1,1,999,0,sp2s-silicone-sleeve
variation,sp2s-silicone-sleeve-013,電子煙配件 思博瑞 SP2S 主機矽膠保護套（多色可選） - 海王星掛繩 · 粉,1,1,999,0,sp2s-silicone-sleeve
variation,sp2s-silicone-sleeve-014,電子煙配件 思博瑞 SP2S 主機矽膠保護套（多色可選） - 一般項鍊掛繩,1,1,999,0,sp2s-silicone-sleeve
variable,sp2s-empty-shell-standard,SP2／SP2S 一代空殼（一般版白芯）正版空殼 · 參考灌滿 2.3ml,1,1,999,0,
variation,sp2s-empty-shell-standard-001,SP2／SP2S 一代空殼（一般版白芯）正版空殼 · 參考灌滿 2.3ml - 空殼單規格,1,1,999,0,sp2s-empty-shell-standard
variable,sp2s-empty-shell-pro,SP2S 一代空殼（Pro 版盒裝殼）正版空殼 · 參考灌滿 2.3ml,1,1,999,0,
variation,sp2s-empty-shell-pro-001,SP2S 一代空殼（Pro 版盒裝殼）正版空殼 · 參考灌滿 2.3ml - 空殼單規格,1,1,999,0,sp2s-empty-shell-pro
